State_Code,State,Estimate,StdErr,OR,LowerCL_OR,UpperCL_OR,ProbChiSq,q_BH,sig_raw,sig_BH
0,Nationwide,0.0202,0.00468,1.0203764895,1.0110667471,1.0297719546,5e-05,,True,False
1,Alabama,0.0301,0.024,1.0305061672,0.9832086079,1.0800789905,0.21,0.4714363636363636,False,False
2,Alaska,-0.00866,0.0216,0.9913744543,0.9502031807,1.0343296345,0.6889,0.8976575757575757,False,False
4,Arizona,0.0174,0.0374,1.0175128594,0.9455490914,1.0949536397,0.6427,0.8914870967741937,False,False
5,Arkansas,0.0578,0.0192,1.0594996741,1.0202711806,1.1002364672,0.0027,0.02322,True,True
6,California,0.0369,0.0748,1.0376041031,0.8960933556,1.201462178,0.6217,0.8911033333333334,False,False
8,Colorado,0.032,0.0235,1.032558865,0.986073617,1.0812355095,0.1728,0.44972941176470593,False,False
12,Florida,-0.00343,0.0257,0.9965796786,0.9476341156,1.0480532934,0.8939,0.9916,False,False
13,Georgia,0.0484,0.0249,1.0495479343,0.9994996196,1.1021023368,0.0524,0.20174166666666668,False,False
16,Idaho,0.0328,0.028,1.0333401534,0.9781915619,1.0915979183,0.2412,0.4714363636363636,False,False
17,Illinois,0.00204,0.0336,1.002045003,0.9381410469,1.0703019459,0.9515,0.9916,False,False
18,Indiana,0.0398,0.0255,1.0405597983,0.9897932284,1.0939301894,0.1192,0.36611428571428567,False,False
19,Iowa,0.0209,0.0128,1.0211116852,0.9958060768,1.0470603645,0.1027,0.3397,False,False
20,Kansas,0.0534,0.0148,1.0548082959,1.0246611559,1.0858424121,0.0003,0.0086,True,True
21,Kentucky,0.037,0.0168,1.0376924987,1.0041178304,1.0723898025,0.0275,0.11825000000000001,True,False
22,Louisiana,-0.00313,0.0283,0.9968797975,0.9430980164,1.0537285769,0.9121,0.9916,False,False
23,Maine,0.032,0.0127,1.0325117949,1.0071941241,1.0584658718,0.0115,0.062349999999999996,True,False
24,Maryland,-0.00698,0.0254,0.9930422328,0.9447357783,1.0438187043,0.7838,0.9912764705882354,False,False
26,Michigan,0.0247,0.0206,1.025039295,0.9844145936,1.0673404916,0.2307,0.4714363636363636,False,False
27,Minnesota,0.0197,0.014,1.0198971877,0.9921972397,1.048370457,0.1608,0.44972941176470593,False,False
28,Mississippi,0.0457,0.0239,1.0467642893,0.9987743702,1.0970600669,0.0563,0.20174166666666668,False,False
29,Missouri,0.048,0.019,1.0492207987,1.0108126701,1.0890883316,0.0116,0.062349999999999996,True,False
30,Montana,0.0447,0.0161,1.0456783623,1.0132953101,1.0790963172,0.0054,0.038700000000000005,True,True
31,Nebraska,0.0404,0.0129,1.0411781526,1.0151700785,1.0678525385,0.0018,0.02322,True,True
32,Nevada,-0.00097,0.0925,0.9990299037,0.8334555238,1.1974973107,0.9916,0.9916,False,False
35,New Mexico,0.021,0.0364,1.0212419379,0.9509783142,1.096697033,0.5633,0.8352379310344829,False,False
36,New York,0.0249,0.0245,1.0251629319,0.9770933414,1.075597379,0.3105,0.5704666666666667,False,False
37,North Carolina,0.0203,0.0341,1.0205334468,0.9546287005,1.0909880621,0.5507,0.8352379310344829,False,False
38,North Dakota,0.0239,0.0183,1.0241916298,0.9882000555,1.0614940656,0.1903,0.45460555555555554,False,False
39,Ohio,0.00245,0.0263,1.0024554375,0.9521831118,1.0553819868,0.9256,0.9916,False,False
40,Oklahoma,0.0165,0.0195,1.0165883047,0.9785234041,1.0561339432,0.3981,0.663523076923077,False,False
41,Oregon,0.1183,0.0483,1.125530756,1.023814,1.2373531546,0.0144,0.0688,True,False
42,Pennsylvania,0.0187,0.0431,1.0189116287,0.9364079838,1.1086843823,0.6637,0.8918468749999999,False,False
45,South Carolina,0.028,0.0281,1.0284376083,0.9733144121,1.0866826804,0.3184,0.5704666666666667,False,False
46,South Dakota,0.0348,0.0296,1.0354288582,0.9771336243,1.0972019525,0.239,0.4714363636363636,False,False
47,Tennessee,-0.0173,0.0239,0.9828272494,0.9378884712,1.029919262,0.4682,0.7456518518518519,False,False
48,Texas,-0.00588,0.0333,0.9941385395,0.9313924205,1.0611117441,0.8597,0.9916,False,False
49,Utah,0.0223,0.0266,1.0225703573,0.9706439665,1.0772746463,0.4012,0.663523076923077,False,False
50,Vermont,-0.0006,0.0199,0.9994017209,0.9612063351,1.039114874,0.976,0.9916,False,False
51,Virginia,0.00291,0.0234,1.0029158607,0.9580499933,1.0498828146,0.9008,0.9916,False,False
53,Washington,0.0873,0.0246,1.0912187191,1.0397524292,1.1452325184,0.0004,0.0086,True,True
54,West Virginia,0.0556,0.0182,1.0571866115,1.0200987337,1.0956228988,0.0023,0.02322,True,True
55,Wisconsin,0.0263,0.0195,1.0266066838,0.9881360933,1.0665750299,0.1778,0.44972941176470593,False,False
56,Wyoming,-0.00509,0.0209,0.9949259832,0.9549979663,1.0365233717,0.8077,0.9916,False,False
