State,Model 1 OR,Model 1 95% CI,Model 2 OR,Model 2 95% CI,Model 3a OR,Model 3a 95% CI
Nationwide,1.58***,"(1.45, 1.72)",1.55***,"(1.45, 1.67)",1.25***,"(1.17, 1.33)"
Alabama,1.20***,"(1.08, 1.33)",1.24***,"(1.12, 1.38)",1.03,"(0.92, 1.15)"
Alaska,1.68***,"(1.54, 1.84)",1.48***,"(1.35, 1.62)",1.26***,"(1.14, 1.39)"
Arizona,1.02,"(0.82, 1.26)",1.06,"(0.85, 1.33)",0.84,"(0.67, 1.06)"
Arkansas,1.24***,"(1.14, 1.35)",1.24***,"(1.14, 1.35)",1.06,"(0.97, 1.16)"
California,1.52**,"(1.12, 2.07)",1.54**,"(1.13, 2.10)",1.34,"(0.98, 1.83)"
Colorado,1.31***,"(1.17, 1.47)",1.37***,"(1.22, 1.54)",1.16*,"(1.03, 1.30)"
Florida,1.92***,"(1.70, 2.16)",1.84***,"(1.63, 2.07)",1.48***,"(1.30, 1.68)"
Georgia,1.52***,"(1.37, 1.69)",1.51***,"(1.36, 1.68)",1.19**,"(1.06, 1.33)"
Idaho,1.41***,"(1.26, 1.57)",1.45***,"(1.30, 1.63)",1.22***,"(1.09, 1.37)"
Illinois,1.86***,"(1.57, 2.19)",1.82***,"(1.54, 2.15)",1.40***,"(1.17, 1.67)"
Indiana,1.32***,"(1.20, 1.46)",1.31***,"(1.18, 1.45)",1.08,"(0.97, 1.20)"
Iowa,1.09**,"(1.03, 1.15)",1.14***,"(1.08, 1.21)",0.99,"(0.93, 1.05)"
Kansas,1.18***,"(1.10, 1.25)",1.23***,"(1.16, 1.31)",1.01,"(0.95, 1.08)"
Kentucky,1.41***,"(1.30, 1.52)",1.43***,"(1.32, 1.55)",1.16***,"(1.07, 1.26)"
Louisiana,1.32***,"(1.17, 1.50)",1.30***,"(1.15, 1.48)",1.09,"(0.96, 1.24)"
Maine,1.39***,"(1.31, 1.47)",1.45***,"(1.37, 1.54)",1.27***,"(1.20, 1.34)"
Maryland,1.58***,"(1.37, 1.83)",1.51***,"(1.31, 1.74)",1.10,"(0.95, 1.27)"
Michigan,1.40***,"(1.27, 1.54)",1.48***,"(1.35, 1.63)",1.20***,"(1.08, 1.33)"
Minnesota,1.49***,"(1.40, 1.58)",1.56***,"(1.47, 1.66)",1.24***,"(1.17, 1.33)"
Mississippi,1.22***,"(1.11, 1.33)",1.21***,"(1.11, 1.33)",1.07,"(0.97, 1.17)"
Missouri,1.26***,"(1.17, 1.36)",1.32***,"(1.22, 1.43)",1.04,"(0.96, 1.13)"
Montana,1.24***,"(1.16, 1.32)",1.17***,"(1.09, 1.25)",1.03,"(0.96, 1.11)"
Nebraska,1.08**,"(1.02, 1.14)",1.14***,"(1.08, 1.21)",0.98,"(0.93, 1.04)"
Nevada,1.37,"(0.97, 1.94)",1.34,"(0.92, 1.94)",1.15,"(0.79, 1.69)"
New Mexico,1.50***,"(1.29, 1.74)",1.59***,"(1.37, 1.85)",1.44***,"(1.24, 1.69)"
New York,1.69***,"(1.51, 1.88)",1.62***,"(1.45, 1.81)",1.31***,"(1.17, 1.47)"
North Carolina,1.28**,"(1.10, 1.48)",1.32***,"(1.14, 1.53)",1.13,"(0.97, 1.31)"
North Dakota,1.22***,"(1.13, 1.33)",1.20***,"(1.11, 1.30)",1.10*,"(1.01, 1.20)"
Ohio,1.22***,"(1.12, 1.34)",1.23***,"(1.11, 1.35)",0.93,"(0.83, 1.03)"
Oklahoma,1.35***,"(1.24, 1.47)",1.34***,"(1.23, 1.46)",1.16***,"(1.07, 1.27)"
Oregon,1.04,"(0.85, 1.26)",1.07,"(0.88, 1.30)",0.91,"(0.74, 1.11)"
Pennsylvania,1.34**,"(1.12, 1.61)",1.35**,"(1.13, 1.63)",1.16,"(0.96, 1.40)"
South Carolina,1.34***,"(1.19, 1.50)",1.38***,"(1.22, 1.55)",1.14*,"(1.01, 1.29)"
South Dakota,1.46***,"(1.28, 1.68)",1.25**,"(1.08, 1.46)",1.08,"(0.92, 1.26)"
Tennessee,1.37***,"(1.24, 1.52)",1.34***,"(1.20, 1.48)",1.07,"(0.96, 1.19)"
Texas,1.67***,"(1.45, 1.93)",1.68***,"(1.45, 1.95)",1.39***,"(1.20, 1.62)"
Utah,1.56***,"(1.40, 1.74)",1.64***,"(1.47, 1.84)",1.27***,"(1.13, 1.43)"
Vermont,1.27***,"(1.16, 1.38)",1.31***,"(1.20, 1.43)",1.17***,"(1.07, 1.28)"
Virginia,1.66***,"(1.51, 1.83)",1.67***,"(1.52, 1.83)",1.27***,"(1.15, 1.40)"
Washington,1.26***,"(1.13, 1.41)",1.31***,"(1.17, 1.47)",1.10,"(0.98, 1.24)"
West Virginia,1.10*,"(1.02, 1.18)",1.13**,"(1.05, 1.22)",1.02,"(0.94, 1.11)"
Wisconsin,1.22***,"(1.12, 1.33)",1.29***,"(1.18, 1.40)",1.08,"(0.99, 1.18)"
Wyoming,0.91,"(0.83, 1.00)",0.95,"(0.87, 1.05)",0.89*,"(0.80, 0.98)"
