State,Rural 2018,Urban 2018,Ratio 2018,Rural 2025,Urban 2025,Ratio 2025,Change in ratio,Years available
Nationwide (43 states),"21.5 (20.7, 22.3)","15.3 (15.1, 15.6)",1.40,"15.5 (14.7, 16.2)","10.2 (10.0, 10.5)",1.51,+0.11,2018-2025
Alabama,"19.1 (15.8, 22.4)","19.2 (17.7, 20.6)",1.00,"18.2 (13.3, 23.1)","11.5 (10.2, 12.9)",1.58,+0.59,2018-2025
Alaska,"27.1 (23.2, 31.0)","16.7 (14.1, 19.2)",1.63,"19.1 (16.5, 21.7)","11.6 (10.0, 13.2)",1.64,+0.02,2018-2025
Arizona,"12.5 (7.3, 17.7)","14.0 (12.7, 15.3)",0.89,—,"7.9 (6.6, 9.1)",—,—,2018-2025
Arkansas,"24.4 (20.8, 28.0)","22.3 (20.4, 24.3)",1.09,"18.6 (15.5, 21.6)","12.9 (11.5, 14.4)",1.43,+0.34,2018-2025
California,"18.3 (8.3, 28.2)","11.1 (10.3, 11.9)",1.65,—,—,—,—,2018-2024 (7 of 8)
Colorado,"15.6 (12.2, 19.1)","14.4 (13.5, 15.4)",1.08,"9.2 (6.2, 12.1)","8.1 (7.4, 8.8)",1.13,+0.05,2018-2025
Florida,"23.1 (17.7, 28.6)","14.4 (13.2, 15.5)",1.61,"17.7 (14.2, 21.1)","8.6 (7.6, 9.6)",2.06,+0.45,2018-2025 (7 of 8)
Georgia,"20.7 (17.3, 24.1)","15.7 (14.7, 16.7)",1.32,"15.6 (11.3, 20.0)","9.4 (8.3, 10.5)",1.66,+0.35,2018-2025
Idaho,"19.2 (15.0, 23.4)","14.1 (12.4, 15.8)",1.36,"11.5 (8.0, 15.1)","8.3 (7.0, 9.5)",1.39,+0.03,2018-2025
Illinois,"24.2 (17.5, 31.0)","14.9 (13.7, 16.2)",1.63,"14.6 (10.6, 18.5)","9.4 (8.7, 10.2)",1.54,-0.08,2018-2025
Indiana,"27.0 (22.0, 32.0)","20.7 (19.4, 22.0)",1.31,"21.9 (16.8, 27.0)","12.5 (11.2, 13.8)",1.75,+0.45,2018-2025
Iowa,"17.0 (15.4, 18.6)","16.5 (15.4, 17.6)",1.03,"12.0 (10.4, 13.6)","11.5 (10.6, 12.5)",1.04,+0.01,2018-2025
Kansas,"18.0 (15.8, 20.2)","17.2 (16.2, 18.3)",1.04,"14.0 (12.0, 15.9)","11.4 (10.4, 12.4)",1.22,+0.18,2018-2025
Kentucky,"27.1 (24.4, 29.9)","22.2 (20.4, 24.0)",1.22,"21.1 (18.4, 23.8)","13.9 (12.6, 15.3)",1.51,+0.29,2018-2025 (7 of 8)
Louisiana,"25.4 (18.8, 31.9)","20.2 (18.5, 21.8)",1.26,"16.8 (11.8, 21.8)","15.6 (14.2, 16.9)",1.08,-0.18,2018-2025
Maine,"19.9 (18.3, 21.5)","16.8 (15.2, 18.4)",1.19,"16.6 (15.3, 17.9)","11.2 (10.1, 12.3)",1.48,+0.29,2018-2025
Maryland,"15.1 (11.5, 18.7)","12.6 (11.8, 13.4)",1.20,"10.7 (6.9, 14.5)","8.2 (7.4, 8.9)",1.31,+0.11,2018-2025
Michigan,"21.7 (17.9, 25.5)","18.7 (17.7, 19.8)",1.16,"14.8 (11.5, 18.1)","10.4 (9.5, 11.3)",1.43,+0.27,2018-2025
Minnesota,"18.9 (17.0, 20.7)","14.6 (13.9, 15.3)",1.29,"15.3 (12.9, 17.7)","8.9 (8.2, 9.5)",1.72,+0.43,2018-2025
Mississippi,"22.5 (19.8, 25.2)","20.0 (18.3, 21.6)",1.13,—,—,—,—,2018-2024 (7 of 8)
Missouri,"18.1 (14.9, 21.4)","19.8 (18.2, 21.4)",0.92,"17.6 (14.5, 20.8)","13.6 (12.2, 14.9)",1.30,+0.38,2018-2025
Montana,"18.7 (16.6, 20.9)","17.8 (15.8, 19.8)",1.05,"14.2 (12.4, 16.0)","11.4 (10.1, 12.7)",1.24,+0.19,2018-2025
Nebraska,"14.2 (12.9, 15.5)","16.3 (15.2, 17.4)",0.87,"12.8 (11.0, 14.7)","10.9 (9.7, 12.2)",1.17,+0.30,2018-2025
Nevada,"15.9 (7.8, 24.0)","15.7 (13.7, 17.6)",1.02,—,—,—,—,2018-2024 (7 of 8)
New Mexico,"22.9 (17.3, 28.5)","14.9 (13.6, 16.2)",1.54,"18.8 (11.9, 25.7)","10.1 (8.5, 11.6)",1.87,+0.33,2018-2025
New York,"18.4 (16.0, 20.7)","12.7 (12.0, 13.4)",1.45,"16.0 (10.9, 21.0)","8.9 (8.2, 9.5)",1.80,+0.35,2018-2025
North Carolina,"22.6 (17.5, 27.7)","17.1 (15.7, 18.6)",1.32,"18.4 (12.9, 23.8)","10.3 (9.0, 11.6)",1.78,+0.46,2018-2025
North Dakota,"22.1 (19.6, 24.7)","18.2 (16.3, 20.0)",1.22,"14.6 (12.3, 16.8)","11.8 (10.4, 13.2)",1.24,+0.02,2018-2025
Ohio,"23.1 (19.0, 27.3)","20.5 (19.4, 21.7)",1.13,"18.2 (13.5, 22.8)","14.3 (13.1, 15.5)",1.27,+0.14,2018-2025
Oklahoma,"22.3 (18.7, 25.8)","19.4 (17.8, 20.9)",1.15,"16.2 (12.9, 19.5)","12.6 (11.2, 13.9)",1.29,+0.14,2018-2025
Oregon,"15.0 (8.8, 21.2)","15.9 (14.6, 17.1)",0.95,"21.2 (11.3, 31.1)","9.7 (8.6, 10.7)",2.19,+1.24,2018-2025
Pennsylvania,"21.2 (14.8, 27.7)","17.0 (15.7, 18.3)",1.25,—,"11.0 (9.4, 12.6)",—,—,2018-2025 (7 of 8)
South Carolina,"21.5 (17.9, 25.1)","17.8 (16.7, 19.0)",1.21,"13.8 (8.1, 19.5)","11.0 (9.0, 13.0)",1.26,+0.05,2018-2025
South Dakota,"21.7 (18.0, 25.5)","17.7 (15.7, 19.7)",1.22,"17.1 (12.8, 21.3)","12.0 (9.9, 14.0)",1.43,+0.20,2018-2025
Tennessee,"29.8 (25.2, 34.4)","19.4 (17.7, 21.1)",1.54,"17.1 (13.7, 20.4)","14.7 (13.3, 16.1)",1.16,-0.38,2018-2025 (7 of 8)
Texas,"24.1 (17.2, 31.1)","13.7 (12.2, 15.2)",1.76,"12.5 (7.1, 17.8)","9.2 (8.1, 10.4)",1.35,-0.41,2018-2025
Utah,"12.0 (9.4, 14.5)","8.8 (8.1, 9.5)",1.36,"11.3 (8.4, 14.2)","5.4 (4.8, 6.0)",2.10,+0.74,2018-2025
Vermont,"15.7 (13.5, 17.8)","12.9 (11.4, 14.5)",1.21,"12.0 (9.5, 14.4)","8.9 (7.8, 10.0)",1.34,+0.13,2018-2025
Virginia,"21.3 (18.2, 24.3)","14.1 (13.1, 15.2)",1.50,"12.2 (8.4, 16.1)","9.8 (8.3, 11.2)",1.25,-0.25,2018-2025
Washington,"11.0 (7.7, 14.4)","12.3 (11.4, 13.1)",0.90,"11.2 (8.0, 14.5)","7.9 (7.4, 8.5)",1.41,+0.52,2018-2025
West Virginia,"27.1 (23.7, 30.6)","24.7 (23.0, 26.4)",1.10,"22.1 (19.0, 25.2)","16.3 (14.7, 17.9)",1.36,+0.26,2018-2025
Wisconsin,"20.0 (16.6, 23.4)","15.9 (14.4, 17.5)",1.25,"11.8 (9.6, 13.9)","10.6 (9.7, 11.5)",1.11,-0.14,2018-2025
Wyoming,"18.0 (15.3, 20.6)","19.3 (17.5, 21.2)",0.93,"12.5 (9.8, 15.1)","12.1 (10.6, 13.6)",1.03,+0.10,2018-2025
