State,2018,2019,2020,2021,2022,2023,2024,2025
Alabama,6257,6648,5044,4330,4209,4165,4820,3963
Alaska,2646,2770,3397,5031,5118,5057,4937,5122
Arizona,7548,8261,9350,9822,8941,11170,7771,4918
Arkansas,5099,5003,4850,4901,4599,4946,4857,4684
California,10907,10557,4391,6236,9329,10819,7444,0
Colorado,7873,8388,9201,9376,8255,8085,9861,8599
Florida,14280,15408,10829,0,11541,12083,11682,11701
Georgia,8554,6681,8241,7229,7963,7468,6418,5584
Idaho,3512,5164,5607,6336,5858,6557,4114,3374
Illinois,5045,5282,3470,2967,3691,4971,11185,10532
Indiana,7104,8230,7803,9022,8929,9983,11656,5911
Iowa,8709,9325,9058,8990,8348,8425,8182,7671
Kansas,10228,10595,9728,16510,10304,9330,10223,9416
Kentucky,8176,7632,3717,5081,3794,0,6655,6840
Louisiana,4734,4354,4352,4602,5041,4919,4145,4539
Maine,10453,10754,10303,11109,9945,11472,11225,11358
Maryland,16468,16104,12870,13980,14312,15787,13011,11896
Michigan,9713,9972,6919,8574,8832,9228,10262,9280
Minnesota,16261,14604,14822,14722,15011,14756,13743,13436
Mississippi,5608,4883,6276,4201,3929,3382,2845,0
Missouri,5998,6978,8771,11673,6945,6829,6905,5635
Montana,4984,6202,5984,5861,6601,6817,6478,5598
Nebraska,13982,15137,14038,14080,6966,12237,11973,6590
Nevada,3051,2636,2338,2532,2825,2452,2460,0
New Mexico,6302,5571,6537,5884,4340,2993,3147,3152
New York,32700,12782,13198,34936,15106,15682,39261,13118
North Carolina,4488,4060,5467,4730,4187,3869,4103,3299
North Dakota,5422,5359,4260,5615,3916,5269,5329,5240
Ohio,12206,12656,13486,13086,14563,12361,9127,8166
Oklahoma,5014,5944,4661,4971,5252,6253,6568,3894
Oregon,5502,5682,5026,4931,5339,5783,5611,4211
Pennsylvania,5834,6264,5174,5950,4237,0,3233,2783
South Carolina,10280,6734,3791,8816,8606,9133,8306,3645
South Dakota,6795,6345,6548,6928,7045,5551,5389,3732
Tennessee,4828,5775,4222,4417,4722,5202,0,5383
Texas,10375,11280,9988,9737,12193,9119,10867,5554
Utah,10110,11283,10329,9865,8898,10407,11952,10562
Vermont,6241,5989,6108,6061,7763,7135,6028,5981
Virginia,9770,9249,8816,8977,9261,6433,6245,4479
Washington,12196,11924,11789,12031,23310,24840,23549,17850
West Virginia,4760,5053,5576,6424,4684,4155,5547,4046
Wisconsin,4704,4682,4760,5771,10038,11667,11741,10672
Wyoming,4270,4367,4482,4053,3740,4191,4255,4220
