Variable,Category,Unweighted n,Weighted n (avg annual),Percentage,Smoking prevalence
County,Urban,2619997,213685850,93.5509,12.6777
County,Rural,434435,14730798,6.4491,18.6393
Age in years,18-24,189313,28137621,12.3186,7.4066
Age in years,25-34,326741,39002840,17.0753,14.4502
Age in years,35-44,387755,37382585,16.366,16.6406
Age in years,45-54,439872,34971557,15.3104,15.5524
Age in years,55-64,575769,37123372,16.2525,16.0241
Age in years,65 or older,1134982,51798674,22.6773,8.7027
Sex,Female,1636728,117186592,51.3039,11.506
Sex,Male,1417704,111230056,48.6961,14.7017
Race/ethnicity,Non-Hispanic White,2340761,140488602,61.5054,13.6922
Race/ethnicity,Non-Hispanic Black,233146,26976911,11.8104,14.4436
Race/ethnicity,Non-Hispanic Other,157448,17351750,7.5965,9.7953
Race/ethnicity,Non-Hispanic Multiracial,67817,4867974,2.1312,18.0734
Race/ethnicity,Hispanic,255260,38731411,16.9565,10.6485
Education,Did not graduate high school,185231,26420913,11.567,22.9341
Education,Graduated high school,783573,62764410,27.478,17.1247
Education,Attended college or technical school,835277,69679832,30.5056,13.5145
Education,Graduated from college or technical school,1250351,69551493,30.4494,5.1929
Survey year,2018,405164,29669082,12.989,15.5898
Survey year,2019,382323,28737408,12.5811,15.3706
Survey year,2020,365222,29462625,12.8986,14.2921
Survey year,2021,396346,27750237,12.149,13.4939
Survey year,2022,387910,28656412,12.5457,12.8409
Survey year,2023,392667,28678872,12.5555,11.385
Survey year,2024,403309,28972903,12.6842,10.878
Survey year,2025,321491,26489109,11.5968,10.3508
