State,Urban OR,Urban 95% CI,Rural OR,Rural 95% CI,Interaction OR,Interaction 95% CI,P,q,Significant after FDR adjustment
Nationwide,0.94,"(0.93, 0.94)",0.96,"(0.95, 0.97)",1.020,"(1.011, 1.030)",<.001,–,
Arkansas,0.92,"(0.91, 0.94)",0.98,"(0.95, 1.01)",1.059,"(1.020, 1.100)",.003,.023,Yes
Kansas,0.94,"(0.93, 0.95)",0.99,"(0.97, 1.02)",1.055,"(1.025, 1.086)",<.001,.009,Yes
Kentucky,0.93,"(0.91, 0.94)",0.96,"(0.94, 0.99)",1.038,"(1.004, 1.072)",.028,.118,No
Maine,0.95,"(0.93, 0.96)",0.98,"(0.96, 0.99)",1.033,"(1.007, 1.058)",.011,.062,No
Missouri,0.94,"(0.92, 0.96)",0.99,"(0.95, 1.02)",1.049,"(1.011, 1.089)",.012,.062,No
Montana,0.92,"(0.90, 0.94)",0.96,"(0.94, 0.98)",1.046,"(1.013, 1.079)",.005,.039,Yes
Nebraska,0.95,"(0.93, 0.96)",0.99,"(0.97, 1.01)",1.041,"(1.015, 1.068)",.002,.023,Yes
Oregon,0.93,"(0.92, 0.95)",1.05,"(0.96, 1.15)",1.126,"(1.024, 1.237)",.014,.069,No
Washington,0.93,"(0.92, 0.94)",1.01,"(0.97, 1.06)",1.091,"(1.040, 1.145)",<.001,.009,Yes
West Virginia,0.94,"(0.93, 0.96)",1.00,"(0.96, 1.03)",1.057,"(1.020, 1.096)",.002,.023,Yes
