entity,fips,year,urru,pred,lo,hi,prev
Nationwide,0,2018,0,.1524331867694855,.1508198529481888,.1540465354919434,.1517236083745956
Nationwide,0,2018,1,.1726070791482925,.1681667864322662,.1770473718643188,.2150422930717468
Nationwide,0,2019,0,.1448808759450912,.1436328589916229,.1461289077997208,.1501928716897964
Nationwide,0,2019,1,.1668927371501923,.1633728444576263,.170412614941597,.202792152762413
Nationwide,0,2020,0,.1376225352287292,.1366486102342606,.1385964602231979,.1391518115997314
Nationwide,0,2020,1,.1613199561834335,.1584910750389099,.1641488373279572,.1976510435342789
Nationwide,0,2021,0,.1306539326906204,.1298202723264694,.1314875781536102,.1308339834213257
Nationwide,0,2021,1,.1558880656957626,.1534017324447632,.1583743989467621,.193891778588295
Nationwide,0,2022,0,.1239702254533768,.1231192499399185,.124821200966835,.1248523741960526
Nationwide,0,2022,1,.1505962312221527,.1480319648981094,.153160497546196,.1805564165115356
Nationwide,0,2023,0,.1175660565495491,.1165804415941238,.1185516715049744,.1098743379116058
Nationwide,0,2023,1,.1454434245824814,.1424679607152939,.1484189033508301,.1733491718769073
Nationwide,0,2024,0,.1114355623722076,.1102607920765877,.1126103326678276,.1048933565616608
Nationwide,0,2024,1,.1404285132884979,.1368636190891266,.1439934074878693,.167798787355423
Nationwide,0,2025,0,.105572447180748,.1041936725378036,.1069512292742729,.0999248325824738
Nationwide,0,2025,1,.1355501711368561,.1313244849443436,.1397758424282074,.1546609550714493
Arkansas,5,2018,0,.2224458903074265,.2097191661596298,.2351726144552231,.2234796583652496
Arkansas,5,2018,1,.2029401212930679,.1831096112728119,.2227706164121628,.2439463883638382
Arkansas,5,2019,0,.2101182341575623,.2001930624246597,.220043420791626,.1938780546188354
Arkansas,5,2019,1,.1996520906686783,.1837245225906372,.2155796736478806,.2260455936193466
Arkansas,5,2020,0,.1982541084289551,.1905686259269714,.2059396058320999,.2010025680065155
Arkansas,5,2020,1,.1964006870985031,.1836197525262833,.209181621670723,.2139526009559631
Arkansas,5,2021,0,.1868579238653183,.1805684715509415,.1931473910808563,.2002568542957306
Arkansas,5,2021,1,.193185955286026,.1822667717933655,.2041051387786865,.2431279420852661
Arkansas,5,2022,0,.1759317368268967,.1699234843254089,.1819399893283844,.186018243432045
Arkansas,5,2022,1,.1900079548358917,.1791287809610367,.2008871287107468,.188600093126297
Arkansas,5,2023,0,.1654752939939499,.1587604582309723,.1721901297569275,.1389568895101547
Arkansas,5,2023,1,.1868667453527451,.1743035167455673,.1994299590587616,.1803281307220459
Arkansas,5,2024,0,.1554862260818481,.1475326716899872,.1634397804737091,.1524068266153336
Arkansas,5,2024,1,.183762326836586,.1684383451938629,.1990863084793091,.2162008136510849
Arkansas,5,2025,0,.1459601819515228,.1365946680307388,.1553256809711456,.1294053196907043
Arkansas,5,2025,1,.1806947290897369,.1620787680149078,.199310690164566,.1855487525463104
Kansas,20,2018,0,.1742421090602875,.1674022972583771,.1810819357633591,.1721680909395218
Kansas,20,2018,1,.1534458845853806,.1409118473529816,.1659799069166183,.1799087971448898
Kansas,20,2019,0,.166452169418335,.161139041185379,.1717652827501297,.1611274778842926
Kansas,20,2019,1,.1526132971048355,.1424985378980637,.1627280414104462,.1615631431341171
Kansas,20,2020,0,.1589220762252808,.1547689288854599,.1630752235651016,.1660130172967911
Kansas,20,2020,1,.1517841368913651,.1435973644256592,.1599709242582321,.1670514345169067
Kansas,20,2021,0,.15165014564991,.148098886013031,.1552014052867889,.1535242646932602
Kansas,20,2021,1,.1509584188461304,.1438325196504593,.1580843180418015,.1718758046627045
Kansas,20,2022,0,.1446341276168823,.1410035490989685,.1482647061347961,.1415296047925949
Kansas,20,2022,1,.1501361280679703,.1428484916687012,.1574237495660782,.1596631705760956
Kansas,20,2023,0,.1378712356090546,.1336381882429123,.142104297876358,.1319401115179062
Kansas,20,2023,1,.1493172496557236,.140740692615509,.1578938066959381,.1810385882854462
Kansas,20,2024,0,.1313582211732864,.1262703835964203,.1364460438489914,.1299927830696106
Kansas,20,2024,1,.1485017836093903,.1379344761371613,.1590690910816193,.181335985660553
Kansas,20,2025,0,.1250913441181183,.1190709099173546,.1311117708683014,.1139434948563576
Kansas,20,2025,1,.1476897448301315,.1347672045230865,.1606122851371765,.1395150870084763
Kentucky,21,2018,0,.2275920659303665,.2152274250984192,.2399567067623138,.2217637747526169
Kentucky,21,2018,1,.2341781556606293,.2166566103696823,.251699686050415,.2714418172836304
Kentucky,21,2019,0,.2154213190078735,.2056619971990585,.2251806259155273,.2224398106336594
Kentucky,21,2019,1,.2277047634124756,.2135576456785202,.2418518662452698,.2764777541160583
Kentucky,21,2020,0,.2036915272474289,.1958799660205841,.2115030884742737,.201282262802124
Kentucky,21,2020,1,.2213477343320847,.2096588611602783,.2330366224050522,.2550064921379089
Kentucky,21,2021,0,.1924071907997131,.1856076568365097,.1992067247629166,.1815417557954788
Kentucky,21,2021,1,.2151081115007401,.2045089453458786,.2257072627544403,.2362962514162064
Kentucky,21,2022,0,.1815706044435501,.1747077703475952,.1884334236383438,.1607445925474167
Kentucky,21,2022,1,.2089867144823074,.1978861540555954,.2200872749090195,.2165030241012573
Kentucky,21,2023,0,.1711819618940353,.1634298115968704,.1789341121912003,
Kentucky,21,2023,1,.2029842585325241,.1901267170906067,.2158417999744415,
Kentucky,21,2024,0,.1612395048141479,.1521826684474945,.1702963411808014,.1590811759233475
Kentucky,21,2024,1,.1971012502908707,.1817783564329147,.2124241590499878,.2225240617990494
Kentucky,21,2025,0,.1517396122217178,.1412493884563446,.1622298359870911,.1394578367471695
Kentucky,21,2025,1,.1913380771875381,.1732284724712372,.2094476819038391,.2111182510852814
Maine,23,2018,0,.1666040867567062,.1565214693546295,.176686704158783,.1679633408784866
Maine,23,2018,1,.1833869367837906,.1739518791437149,.1928220093250275,.1992148905992508
Maine,23,2019,0,.1599272936582565,.1519750654697418,.1678795218467712,.1649029701948166
Maine,23,2019,1,.1804234385490417,.1727929562330246,.1880539208650589,.1974387913942337
Maine,23,2020,0,.1534500420093536,.1472449898719788,.1596550941467285,.156076118350029
Maine,23,2020,1,.1774938404560089,.1713278740644455,.1836598217487335,.1869990229606628
Maine,23,2021,0,.1471710503101349,.1421228647232056,.1522192507982254,.1380501240491867
Maine,23,2021,1,.1745981723070145,.1693312972784042,.1798650622367859,.1914042681455612
Maine,23,2022,0,.1410887837409973,.1363617032766342,.1458158791065216,.131087452173233
Maine,23,2022,1,.171736404299736,.1665656864643097,.1769071370363235,.1917440146207809
Maine,23,2023,0,.1352013498544693,.1299681067466736,.140434592962265,.1267390847206116
Maine,23,2023,1,.1689085215330124,.1630456149578094,.1747714281082153,.1686193346977234
Maine,23,2024,0,.1295065730810165,.1232574805617332,.135755643248558,.1276978254318237
Maine,23,2024,1,.16611447930336,.1590410470962524,.1731878966093063,.1768024116754532
Maine,23,2025,0,.1240019872784615,.1165237873792648,.1314801871776581,.1122757121920586
Maine,23,2025,1,.163354218006134,.1548035740852356,.1719048768281937,.1657068282365799
Missouri,29,2018,0,.1971804201602936,.1873393803834915,.2070214748382568,.197762131690979
Missouri,29,2018,1,.1796819418668747,.1615292131900787,.1978346705436707,.1811884790658951
Missouri,29,2019,0,.1882543116807938,.1806472390890121,.1958613693714142,.1920645236968994
Missouri,29,2019,1,.1777388155460358,.1632187813520432,.1922588497400284,.2263823598623276
Missouri,29,2020,0,.1796188503503799,.17375847697258,.1854792237281799,.1731355041265488
Missouri,29,2020,1,.1758110076189041,.1641989797353745,.1874230206012726,.2127814143896103
Missouri,29,2021,0,.171273797750473,.1663902848958969,.1761572957038879,.1642467081546783
Missouri,29,2021,1,.1738985031843185,.1639166325330734,.1838803738355637,.2192577719688416
Missouri,29,2022,0,.1632180660963058,.1583081185817719,.168128028512001,.1652806401252747
Missouri,29,2022,1,.1720012873411179,.1618350446224213,.1821675449609756,.1861893087625504
Missouri,29,2023,0,.1554498821496964,.1497036963701248,.1611960679292679,.1462370306253433
Missouri,29,2023,1,.1701193600893021,.158113420009613,.1821253001689911,.1893488317728043
Missouri,29,2024,0,.1479666829109192,.140990749001503,.1549426317214966,.1383683681488037
Missouri,29,2024,1,.1682526916265488,.1534135639667511,.1830918043851852,.1935315281152725
Missouri,29,2025,0,.1407653093338013,.1324396431446075,.1490909904241562,.1356604844331741
Missouri,29,2025,1,.1664012521505356,.1482422202825546,.1845602840185165,.1762355715036392
Montana,30,2018,0,.1823688149452209,.1704598814249039,.1942777335643768,.1779506206512451
Montana,30,2018,1,.1665709316730499,.1544126719236374,.1787292063236237,.1871022433042526
Montana,30,2019,0,.1708485931158066,.1617541760206223,.1799430251121521,.1594481766223907
Montana,30,2019,1,.1613215059041977,.151696503162384,.1709464937448502,.1792227029800415
Montana,30,2020,0,.1598778665065765,.1529844403266907,.1667713075876236,.154622495174408
Montana,30,2020,1,.1561982929706573,.1485903412103653,.1638062447309494,.1780972331762314
Montana,30,2021,0,.1494505256414413,.1438636630773544,.1550373882055283,.1310153305530548
Montana,30,2021,1,.1512004733085632,.1447935402393341,.1576074063777924,.1703919023275375
Montana,30,2022,0,.1395580917596817,.134146586060524,.1449696123600006,.1470621973276138
Montana,30,2022,1,.1463270783424377,.1400188505649567,.15263532102108,.1603915244340897
Montana,30,2023,0,.1301900297403336,.1240419894456863,.136338084936142,.1123554259538651
Montana,30,2023,1,.1415770202875137,.1343718022108078,.1487822383642197,.1464417278766632
Montana,30,2024,0,.1213339418172836,.1140266358852386,.1286412477493286,.1054122596979141
Montana,30,2024,1,.1369491070508957,.1282679587602615,.1456302553415298,.1552237719297409
Montana,30,2025,0,.1129758432507515,.1044152453541756,.1215364411473274,.1140594333410263
Montana,30,2025,1,.1324420422315598,.122038334608078,.1428457349538803,.1419350951910019
Nebraska,31,2018,0,.1539478749036789,.1469785869121552,.1609171777963638,.162778303027153
Nebraska,31,2018,1,.1363784521818161,.1280387043952942,.144718199968338,.1421147882938385
Nebraska,31,2019,0,.147685244679451,.1423202008008957,.1530502885580063,.146396741271019
Nebraska,31,2019,1,.1350678950548172,.1283829510211945,.1417528390884399,.1528587192296982
Nebraska,31,2020,0,.1416222155094147,.1374243944883347,.1458200365304947,.139154240489006
Nebraska,31,2020,1,.1337673664093018,.1282904893159866,.1392442584037781,.1453186422586441
Nebraska,31,2021,0,.1357564926147461,.1320540308952332,.1394589394330978,.1293268352746964
Nebraska,31,2021,1,.1324768662452698,.1274740546941757,.1374796777963638,.1524822562932968
Nebraska,31,2022,0,.1300855278968811,.1261131316423416,.1340579241514206,.1287405639886856
Nebraska,31,2022,1,.1311963349580765,.1257790774106979,.136613592505455,.1369393318891525
Nebraska,31,2023,0,.1246065050363541,.1198432818055153,.1293697357177734,.1200152039527893
Nebraska,31,2023,1,.1299257576465607,.1234046891331673,.1364468187093735,.1251112520694733
Nebraska,31,2024,0,.1193163618445396,.1135372221469879,.1250954866409302,.1181959435343742
Nebraska,31,2024,1,.1286650747060776,.1206561401486397,.1366740167140961,.1427936851978302
Nebraska,31,2025,0,.1142118126153946,.1073571741580963,.1210664510726929,.1094475090503693
Nebraska,31,2025,1,.1274142861366272,.1177295297384262,.1370990425348282,.1282943189144135
Oregon,41,2018,0,.1505219042301178,.1427374631166458,.158306360244751,.1585166305303574
Oregon,41,2018,1,.1018861308693886,.0706650391221046,.1331072300672531,.1499318331480026
Oregon,41,2019,0,.1423854678869247,.1363772749900818,.1483936607837677,.1464460492134094
Oregon,41,2019,1,.1062216535210609,.080544076859951,.1318992376327515,.0875076577067375
Oregon,41,2020,0,.1345975995063782,.1299261748790741,.1392690241336823,.1334921419620514
Oregon,41,2020,1,.1107109412550926,.0896210893988609,.1318007856607437,.1636025309562683
Oregon,41,2021,0,.1271523982286453,.1231859922409058,.1311188191175461,.1245509311556816
Oregon,41,2021,1,.1153570264577866,.096414141356945,.1342999041080475,.0944047421216965
Oregon,41,2022,0,.1200431361794472,.1160409227013588,.1240453496575356,.1233725994825363
Oregon,41,2022,1,.1201628297567368,.0993658825755119,.140959769487381,.1314597874879837
Oregon,41,2023,0,.1132623478770256,.108669824898243,.1178548708558083,.1058724150061607
Oregon,41,2023,1,.1251311302185059,.098669096827507,.1515931636095047,.1301151812076569
Oregon,41,2024,0,.1068019643425941,.1013628095388412,.1122411265969276,.1057769060134888
Oregon,41,2024,1,.130264550447464,.0956248044967651,.1649042963981628,.1061160564422607
Oregon,41,2025,0,.1006533578038216,.0943022519350052,.1070044711232185,.0969244763255119
Oregon,41,2025,1,.1355655491352081,.0911474227905273,.1799836754798889,.2120886445045471
Washington,53,2018,0,.1258938759565353,.1206906735897064,.1310970634222031,.1225469931960106
Washington,53,2018,1,.1084804460406303,.0893169045448303,.1276439875364304,.1101109236478806
Washington,53,2019,0,.1183847859501839,.1143589541316032,.1224106177687645,.126822903752327
Washington,53,2019,1,.1096379682421684,.0937854796648026,.1254904568195343,.1351872682571411
Washington,53,2020,0,.1112447157502174,.10818250477314,.1143069192767143,.1153130531311035
Washington,53,2020,1,.1108057051897049,.0977998673915863,.1238115355372429,.1569522768259048
Washington,53,2021,0,.1044640764594078,.1020710095763206,.1068571507930756,.1071348115801811
Washington,53,2021,1,.1119837015867233,.1009060069918633,.1230613887310028,.1251150071620941
Washington,53,2022,0,.0980326160788536,.0959080681204796,.1001571714878082,.0996511280536652
Washington,53,2022,1,.1131720021367073,.1024964451789856,.1238475665450096,.1147244200110435
Washington,53,2023,0,.0919394940137863,.0896803960204124,.0941985994577408,.0886607989668846
Washington,53,2023,1,.1143706664443016,.102331630885601,.1264096945524216,.1413258761167526
Washington,53,2024,0,.0861734077334404,.0835346356034279,.0888121724128723,.0779486820101738
Washington,53,2024,1,.1155797317624092,.1008246839046478,.1303347796201706,.1155630871653557
Washington,53,2025,0,.0807226896286011,.077615886926651,.0838294997811317,.0794139057397842
Washington,53,2025,1,.1167992502450943,.0985119417309761,.1350865662097931,.1123413071036339
West Virginia,54,2018,0,.2479394674301147,.2369641810655594,.2589147388935089,.2469324320554733
West Virginia,54,2018,1,.2209939509630203,.201309472322464,.2406784296035767,.2714385688304901
West Virginia,54,2019,0,.2380717545747757,.2294623255729675,.2466811984777451,.2473626583814621
West Virginia,54,2019,1,.2203332036733627,.2045535743236542,.2361128330230713,.2144743055105209
West Virginia,54,2020,0,.2284525483846664,.2216971516609192,.2352079451084137,.2234937101602554
West Virginia,54,2020,1,.2196737676858902,.2070437967777252,.232303723692894,.222144603729248
West Virginia,54,2021,0,.2190856784582138,.213360995054245,.2248103469610214,.2171298861503601
West Virginia,54,2021,1,.2190155982971191,.2081311941146851,.2299000173807144,.2286243438720703
West Virginia,54,2022,0,.2099742293357849,.2041994631290436,.2157489806413651,.2060183137655258
West Virginia,54,2022,1,.2183587402105331,.2071652114391327,.2295522838830948,.2136054039001465
West Virginia,54,2023,0,.2011205106973648,.1943938434123993,.2078471779823303,.1955469101667404
West Virginia,54,2023,1,.217703178524971,.2043081372976303,.2310982197523117,.2264002412557602
West Virginia,54,2024,0,.1925261318683624,.1843743175268173,.2006779462099075,.2007868736982346
West Virginia,54,2024,1,.2170489132404327,.200306624174118,.2337911874055862,.2288071066141129
West Virginia,54,2025,0,.184191957116127,.1744422912597656,.1939416229724884,.1630631685256958
West Virginia,54,2025,1,.2163959443569183,.1957231163978577,.2370687574148178,.2211614996194839
