Model,Variable,Level1,Estimate,Stderr,ProbZ,OR,LowerCL_OR,UpperCL_OR
1,URRU,1,0.4550,0.0439,<.0001,1.5761665889,1.4462590281,1.7177428577
1,year_centered,,-0.0722,0.0043,<.0001,0.9303665198,0.9225151425,0.9382847189
2,URRU,1,0.4406,0.0357,<.0001,1.5536873668,1.4487389131,1.6662384173
2,year_centered,,-0.0710,0.0039,<.0001,0.9315072508,0.9243324207,0.9387377732
3,URRU,1,0.2246,0.0324,<.0001,1.2518209703,1.1748217314,1.3338668325
3,year_centered,,-0.0622,0.0035,<.0001,0.9397081702,0.9333711125,0.946088253
3b,URRU,1,0.2001,0.0361,<.0001,1.2214800636,1.1381061586,1.310961666
3b,year_centered,,-0.0639,0.0037,<.0001,0.9380686534,0.9312249229,0.9449626796
3b,year_centered*URRU,1,0.0202,0.0048,<.0001,1.0203764954,1.0107290504,1.0301160256
