Model,Parm,Level1,Estimate,Stderr,LowerCL,UpperCL,Z,ProbZ
1,Intercept,,-1.8350,0.0541,-1.9411,-1.7289,-33.91,<.0001
1,URRU,1,0.4550,0.0439,0.3690,0.5410,10.37,<.0001
1,URRU,0,0.0000,0.0000,0.0000,0.0000,,
1,year_centered,,-0.0722,0.0043,-0.0807,-0.0637,-16.69,<.0001
2,Intercept,,-2.2532,0.0334,-2.3187,-2.1878,-67.47,<.0001
2,URRU,1,0.4406,0.0357,0.3707,0.5106,12.35,<.0001
2,URRU,0,0.0000,0.0000,0.0000,0.0000,,
2,year_centered,,-0.0710,0.0039,-0.0787,-0.0632,-17.99,<.0001
2,_AGE_G,2,0.7486,0.0284,0.6930,0.8042,26.39,<.0001
2,_AGE_G,3,0.9231,0.0399,0.8448,1.0013,23.12,<.0001
2,_AGE_G,4,0.8152,0.0346,0.7473,0.8831,23.54,<.0001
2,_AGE_G,5,0.8306,0.0325,0.7669,0.8943,25.54,<.0001
2,_AGE_G,6,0.1324,0.0232,0.0869,0.1778,5.71,<.0001
2,_AGE_G,1,0.0000,0.0000,0.0000,0.0000,,
2,SEXVAR,2,-0.2800,0.0343,-0.3473,-0.2127,-8.16,<.0001
2,SEXVAR,1,0.0000,0.0000,0.0000,0.0000,,
2,_RACEGR3,2,0.0529,0.0496,-0.0444,0.1502,1.07,0.2864
2,_RACEGR3,3,-0.3952,0.0661,-0.5248,-0.2657,-5.98,<.0001
2,_RACEGR3,4,0.3904,0.0291,0.3333,0.4475,13.41,<.0001
2,_RACEGR3,5,-0.3150,0.0513,-0.4155,-0.2145,-6.14,<.0001
2,_RACEGR3,1,0.0000,0.0000,0.0000,0.0000,,
3,Intercept,,-1.5081,0.0469,-1.6000,-1.4162,-32.16,<.0001
3,URRU,1,0.2246,0.0324,0.1611,0.2881,6.93,<.0001
3,URRU,0,0.0000,0.0000,0.0000,0.0000,,
3,year_centered,,-0.0622,0.0035,-0.0690,-0.0554,-18.01,<.0001
3,_AGE_G,2,1.0090,0.0328,0.9447,1.0733,30.76,<.0001
3,_AGE_G,3,1.2094,0.0492,1.1129,1.3060,24.56,<.0001
3,_AGE_G,4,1.0679,0.0433,0.9831,1.1528,24.67,<.0001
3,_AGE_G,5,1.0103,0.0378,0.9363,1.0843,26.76,<.0001
3,_AGE_G,6,0.2480,0.0240,0.2009,0.2951,10.32,<.0001
3,_AGE_G,1,0.0000,0.0000,0.0000,0.0000,,
3,SEXVAR,2,-0.2333,0.0394,-0.3104,-0.1561,-5.92,<.0001
3,SEXVAR,1,0.0000,0.0000,0.0000,0.0000,,
3,_RACEGR3,2,-0.1044,0.0479,-0.1983,-0.0105,-2.18,0.0294
3,_RACEGR3,3,-0.2477,0.0447,-0.3353,-0.1600,-5.54,<.0001
3,_RACEGR3,4,0.3122,0.0255,0.2622,0.3621,12.25,<.0001
3,_RACEGR3,5,-0.7765,0.0740,-0.9215,-0.6315,-10.49,<.0001
3,_RACEGR3,1,0.0000,0.0000,0.0000,0.0000,,
3,_EDUCAG,2,-0.5156,0.0349,-0.5839,-0.4472,-14.79,<.0001
3,_EDUCAG,3,-0.8643,0.0429,-0.9483,-0.7802,-20.15,<.0001
3,_EDUCAG,4,-2.0199,0.0608,-2.1392,-1.9007,-33.20,<.0001
3,_EDUCAG,1,0.0000,0.0000,0.0000,0.0000,,
3b,Intercept,,-1.5060,0.0471,-1.5983,-1.4137,-31.97,<.0001
3b,URRU,1,0.2001,0.0361,0.1294,0.2708,5.55,<.0001
3b,URRU,0,0.0000,0.0000,0.0000,0.0000,,
3b,year_centered,,-0.0639,0.0037,-0.0713,-0.0566,-17.11,<.0001
3b,_AGE_G,2,1.0090,0.0328,0.9446,1.0733,30.74,<.0001
3b,_AGE_G,3,1.2094,0.0493,1.1128,1.3060,24.54,<.0001
3b,_AGE_G,4,1.0679,0.0433,0.9830,1.1528,24.66,<.0001
3b,_AGE_G,5,1.0104,0.0378,0.9363,1.0844,26.74,<.0001
3b,_AGE_G,6,0.2479,0.0240,0.2009,0.2950,10.32,<.0001
3b,_AGE_G,1,0.0000,0.0000,0.0000,0.0000,,
3b,SEXVAR,2,-0.2333,0.0394,-0.3105,-0.1561,-5.93,<.0001
3b,SEXVAR,1,0.0000,0.0000,0.0000,0.0000,,
3b,_RACEGR3,2,-0.1043,0.0479,-0.1982,-0.0104,-2.18,0.0295
3b,_RACEGR3,3,-0.2476,0.0448,-0.3354,-0.1598,-5.53,<.0001
3b,_RACEGR3,4,0.3122,0.0255,0.2622,0.3622,12.24,<.0001
3b,_RACEGR3,5,-0.7765,0.0741,-0.9218,-0.6312,-10.47,<.0001
3b,_RACEGR3,1,0.0000,0.0000,0.0000,0.0000,,
3b,_EDUCAG,2,-0.5156,0.0349,-0.5840,-0.4472,-14.77,<.0001
3b,_EDUCAG,3,-0.8643,0.0429,-0.9484,-0.7802,-20.14,<.0001
3b,_EDUCAG,4,-2.0199,0.0609,-2.1392,-1.9006,-33.19,<.0001
3b,_EDUCAG,1,0.0000,0.0000,0.0000,0.0000,,
3b,year_centered,1,0.0202,0.0048,0.0107,0.0297,4.16,<.0001
3b,year_centered,0,0.0000,0.0000,0.0000,0.0000,,
