Label,Estimate,StdErr,ExpEstimate,LowerExp,UpperExp,State_Code
Year slope URRU=0,-0.05385,0.002339,0.9476,0.9432,0.9519,0
Year slope URRU=1,-0.04376,0.004333,0.9572,0.9491,0.9653,0
Year slope URRU=0,-0.06604,0.01201,0.9361,0.9143,0.9584,1
Year slope URRU=1,-0.05101,0.02223,0.9503,0.9097,0.9926,1
Year slope URRU=0,-0.06095,0.01086,0.9409,0.9211,0.9611,2
Year slope URRU=1,-0.06529,0.01621,0.9368,0.9075,0.9670,2
Year slope URRU=0,-0.07220,0.01874,0.9303,0.8968,0.9652,4
Year slope URRU=1,-0.06352,0.03608,0.9385,0.8744,1.0072,4
Year slope URRU=0,-0.05135,0.009612,0.9499,0.9322,0.9680,5
Year slope URRU=1,-0.02245,0.01649,0.9778,0.9467,1.0099,5
Year slope URRU=0,-0.03113,0.03735,0.9693,0.9009,1.0430,6
Year slope URRU=1,-0.01268,0.07414,0.9874,0.8539,1.1418,6
Year slope URRU=0,-0.06326,0.01175,0.9387,0.9173,0.9606,8
Year slope URRU=1,-0.04724,0.02247,0.9539,0.9128,0.9968,8
Year slope URRU=0,-0.07569,0.01284,0.9271,0.9041,0.9507,12
Year slope URRU=1,-0.07740,0.02415,0.9255,0.8827,0.9704,12
Year slope URRU=0,-0.05379,0.01247,0.9476,0.9247,0.9711,13
Year slope URRU=1,-0.02961,0.02344,0.9708,0.9272,1.0165,13
Year slope URRU=0,-0.07701,0.01394,0.9259,0.9009,0.9515,16
Year slope URRU=1,-0.06062,0.02551,0.9412,0.8953,0.9894,16
Year slope URRU=0,-0.05950,0.01685,0.9422,0.9116,0.9739,17
Year slope URRU=1,-0.05848,0.03266,0.9432,0.8847,1.0055,17
Year slope URRU=0,-0.05823,0.01274,0.9434,0.9202,0.9673,18
Year slope URRU=1,-0.03835,0.02445,0.9624,0.9173,1.0096,18
Year slope URRU=0,-0.04414,0.006406,0.9568,0.9449,0.9689,19
Year slope URRU=1,-0.03369,0.01062,0.9669,0.9470,0.9872,19
Year slope URRU=0,-0.03366,0.007411,0.9669,0.9530,0.9810,20
Year slope URRU=1,-0.00698,0.01314,0.9930,0.9678,1.0190,20
Year slope URRU=0,-0.05821,0.008408,0.9435,0.9280,0.9591,21
Year slope URRU=1,-0.03971,0.01371,0.9611,0.9356,0.9872,21
Year slope URRU=0,-0.05611,0.01415,0.9454,0.9196,0.9720,22
Year slope URRU=1,-0.05767,0.02693,0.9440,0.8954,0.9951,22
Year slope URRU=0,-0.03829,0.006355,0.9624,0.9505,0.9745,23
Year slope URRU=1,-0.02230,0.008396,0.9780,0.9620,0.9942,23
Year slope URRU=0,-0.06904,0.01273,0.9333,0.9103,0.9569,24
Year slope URRU=1,-0.07253,0.02449,0.9300,0.8865,0.9758,24
Year slope URRU=0,-0.07745,0.01031,0.9255,0.9070,0.9444,26
Year slope URRU=1,-0.06508,0.01951,0.9370,0.9018,0.9735,26
Year slope URRU=0,-0.05684,0.007027,0.9447,0.9318,0.9579,27
Year slope URRU=1,-0.04699,0.01288,0.9541,0.9303,0.9785,27
Year slope URRU=0,-0.06034,0.01207,0.9414,0.9194,0.9640,28
Year slope URRU=1,-0.03748,0.01995,0.9632,0.9263,1.0016,28
Year slope URRU=0,-0.03835,0.009471,0.9624,0.9447,0.9804,29
Year slope URRU=1,-0.01433,0.01683,0.9858,0.9538,1.0188,29
Year slope URRU=0,-0.06381,0.008051,0.9382,0.9235,0.9531,30
Year slope URRU=1,-0.04148,0.01168,0.9594,0.9377,0.9816,30
Year slope URRU=0,-0.03204,0.006454,0.9685,0.9563,0.9808,31
Year slope URRU=1,-0.01187,0.01015,0.9882,0.9687,1.0081,31
Year slope URRU=0,-0.03533,0.04623,0.9653,0.8817,1.0568,32
Year slope URRU=1,-0.03582,0.09107,0.9648,0.8071,1.1534,32
Year slope URRU=0,-0.04837,0.01820,0.9528,0.9194,0.9874,35
Year slope URRU=1,-0.03786,0.03480,0.9629,0.8994,1.0308,35
Year slope URRU=0,-0.03752,0.01224,0.9632,0.9403,0.9866,36
Year slope URRU=1,-0.02509,0.02384,0.9752,0.9307,1.0219,36
Year slope URRU=0,-0.06293,0.01701,0.9390,0.9082,0.9708,37
Year slope URRU=1,-0.05277,0.03262,0.9486,0.8898,1.0112,37
Year slope URRU=0,-0.06883,0.009146,0.9335,0.9169,0.9504,38
Year slope URRU=1,-0.05688,0.01458,0.9447,0.9181,0.9721,38
Year slope URRU=0,-0.06860,0.01310,0.9337,0.9100,0.9580,39
Year slope URRU=1,-0.06737,0.02534,0.9348,0.8896,0.9824,39
Year slope URRU=0,-0.05899,0.009736,0.9427,0.9249,0.9609,40
Year slope URRU=1,-0.05077,0.01747,0.9505,0.9185,0.9836,40
Year slope URRU=0,-0.01030,0.02417,0.9897,0.9440,1.0378,41
Year slope URRU=1,0.04882,0.04759,1.0500,0.9565,1.1527,41
Year slope URRU=0,-0.05907,0.02150,0.9426,0.9037,0.9832,42
Year slope URRU=1,-0.04970,0.04159,0.9515,0.8770,1.0323,42
Year slope URRU=0,-0.05873,0.01413,0.9430,0.9172,0.9694,45
Year slope URRU=1,-0.04471,0.02592,0.9563,0.9089,1.0061,45
Year slope URRU=0,-0.05143,0.01485,0.9499,0.9226,0.9779,46
Year slope URRU=1,-0.03402,0.02583,0.9666,0.9188,1.0168,46
Year slope URRU=0,-0.04752,0.01196,0.9536,0.9315,0.9762,47
Year slope URRU=1,-0.05618,0.02195,0.9454,0.9056,0.9869,47
Year slope URRU=0,-0.06741,0.01667,0.9348,0.9048,0.9659,48
Year slope URRU=1,-0.07035,0.03173,0.9321,0.8759,0.9919,48
Year slope URRU=0,-0.05807,0.01332,0.9436,0.9193,0.9685,49
Year slope URRU=1,-0.04691,0.02523,0.9542,0.9081,1.0025,49
Year slope URRU=0,-0.05151,0.009866,0.9498,0.9316,0.9683,50
Year slope URRU=1,-0.05181,0.01653,0.9495,0.9192,0.9808,50
Year slope URRU=0,-0.05024,0.01168,0.9510,0.9295,0.9730,51
Year slope URRU=1,-0.04879,0.02123,0.9524,0.9136,0.9928,51
Year slope URRU=0,-0.03102,0.01232,0.9695,0.9463,0.9931,53
Year slope URRU=1,0.01263,0.02395,1.0127,0.9663,1.0614,53
Year slope URRU=0,-0.03207,0.009103,0.9684,0.9513,0.9859,54
Year slope URRU=1,-0.00426,0.01616,0.9957,0.9647,1.0278,54
Year slope URRU=0,-0.05205,0.009758,0.9493,0.9313,0.9676,55
Year slope URRU=1,-0.03892,0.01744,0.9618,0.9295,0.9953,55
Year slope URRU=0,-0.07893,0.01043,0.9241,0.9054,0.9432,56
Year slope URRU=1,-0.08148,0.01788,0.9218,0.8900,0.9546,56
