Status,Label,WaldChiSq,ProbChiSq,NumDF,DenDF,FValue,ProbF,State_Code
,quad_joint,3.0079123532,0.2222491617,2,39395,1.50,0.2223,1
,quad_gap,0.7535149563,0.3853656515,1,39396,0.75,0.3854,1
,quad_joint,0.7443588713,0.6892305589,2,34037,0.37,0.6892,2
,quad_gap,0.036727762,0.8480203809,1,34038,0.04,0.8480,2
,quad_joint,20.45669036,0.0000361315,2,67730,10.23,<.0001,4
,quad_gap,7.3549762445,0.0066877393,1,67731,7.35,0.0067,4
,quad_joint,2.4292991399,0.2968140086,2,38917,1.21,0.2968,5
,quad_gap,1.0902255622,0.296421237,1,38918,1.09,0.2964,5
,quad_joint,0.306194393,0.8580463186,2,59652,0.15,0.8580,6
,quad_gap,0.0546879697,0.815097867,1,59653,0.05,0.8151,6
,quad_joint,3.3666837512,0.185752177,2,69570,1.68,0.1858,8
,quad_gap,2.9828189244,0.08415259,1,69571,2.98,0.0842,8
,quad_joint,2.8246674216,0.2435741876,2,87257,1.41,0.2436,12
,quad_gap,0.6518996375,0.4194343273,1,87258,0.65,0.4194,12
,quad_joint,6.0419664735,0.0487532588,2,58037,3.02,0.0488,13
,quad_gap,1.8304158237,0.1760784384,1,58038,1.83,0.1761,13
,quad_joint,8.2673508631,0.0160238758,2,40470,4.13,0.0160,16
,quad_gap,5.596092048,0.0180005864,1,40471,5.60,0.0180,16
,quad_joint,0.3924006439,0.8218475841,2,47085,0.20,0.8219,17
,quad_gap,0.0273724002,0.8685928991,1,47086,0.03,0.8686,17
,quad_joint,4.3886905553,0.1114314943,2,68584,2.19,0.1114,18
,quad_gap,4.3670408949,0.0366405676,1,68585,4.37,0.0366,18
,quad_joint,4.6258525251,0.0989712117,2,68672,2.31,0.0990,19
,quad_gap,1.0891852584,0.2966517998,1,68673,1.09,0.2967,19
,quad_joint,3.1888084753,0.2030294498,2,86284,1.59,0.2030,20
,quad_gap,0.0200240591,0.8874699104,1,86285,0.02,0.8875,20
,quad_joint,0.5077799482,0.7757771529,2,41821,0.25,0.7758,21
,quad_gap,0.0132014276,0.908526394,1,41822,0.01,0.9085,21
,quad_joint,3.2514092303,0.1967729771,2,36627,1.63,0.1968,22
,quad_gap,3.1664674448,0.075164858,1,36628,3.17,0.0752,22
,quad_joint,1.4952539897,0.473488812,2,86538,0.75,0.4735,23
,quad_gap,1.4838982697,0.2231655965,1,86539,1.48,0.2232,23
,quad_joint,2.483978455,0.2888091391,2,114407,1.24,0.2888,24
,quad_gap,2.2312740955,0.1352422845,1,114408,2.23,0.1352,24
,quad_joint,15.888259816,0.0003547384,2,72706,7.94,0.0004,26
,quad_gap,3.3189963994,0.0684836231,1,72707,3.32,0.0685,26
,quad_joint,13.543353175,0.0011457721,2,117283,6.77,0.0011,27
,quad_gap,0.2412087254,0.6233344695,1,117284,0.24,0.6233,27
,quad_joint,9.4333764067,0.0089447528,2,31078,4.72,0.0090,28
,quad_gap,1.7180363231,0.1899460096,1,31079,1.72,0.1900,28
,quad_joint,2.0656249674,0.356004295,2,59634,1.03,0.3560,29
,quad_gap,1.8844351413,0.1698309201,1,59635,1.88,0.1698,29
,quad_joint,0.5731573462,0.7508280063,2,48484,0.29,0.7508,30
,quad_gap,0.3004014159,0.5836308785,1,48485,0.30,0.5836,30
,quad_joint,1.6141238041,0.4461670248,2,94898,0.81,0.4462,31
,quad_gap,1.5263102378,0.216667058,1,94899,1.53,0.2167,31
,quad_joint,2.1637660826,0.3389566549,2,18278,1.08,0.3390,32
,quad_gap,0.2405512707,0.6238082413,1,18279,0.24,0.6238,32
,quad_joint,7.1531772971,0.0279709544,2,37895,3.58,0.0280,35
,quad_gap,3.2800736996,0.0701257799,1,37896,3.28,0.0701,35
,quad_joint,1.8518924065,0.3961563972,2,176512,0.93,0.3962,36
,quad_gap,0.0788284845,0.7788913342,1,176513,0.08,0.7789,36
,quad_joint,2.5868675801,0.274327182,2,34151,1.29,0.2744,37
,quad_gap,1.7731361046,0.1829944371,1,34152,1.77,0.1830,37
,quad_joint,1.5162389233,0.4685467191,2,40399,0.76,0.4686,38
,quad_gap,0.1680316292,0.6818671186,1,40400,0.17,0.6819,38
,quad_joint,0.1008992827,0.9508018086,2,95580,0.05,0.9508,39
,quad_gap,0.0478879122,0.8267800855,1,95581,0.05,0.8268,39
,quad_joint,1.6756535352,0.4326497509,2,42526,0.84,0.4327,40
,quad_gap,0.5333243818,0.4652125639,1,42527,0.53,0.4652,40
,quad_joint,1.7789999687,0.4108611384,2,42079,0.89,0.4109,41
,quad_gap,1.068401503,0.3013067877,1,42080,1.07,0.3013,41
,quad_joint,1.1576956771,0.5605438316,2,33434,0.58,0.5606,42
,quad_gap,0.0074201179,0.931355042,1,33435,0.01,0.9314,42
,quad_joint,1.7863096523,0.4093622467,2,59233,0.89,0.4094,45
,quad_gap,0.0031077399,0.955543272,1,59234,0.00,0.9555,45
,quad_joint,1.1090258437,0.5743519474,2,48283,0.55,0.5744,46
,quad_gap,0.4741033263,0.4911054786,1,48284,0.47,0.4911,46
,quad_joint,4.7346641939,0.0937304568,2,34478,2.37,0.0938,47
,quad_gap,0.3086040617,0.5785380547,1,34479,0.31,0.5785,47
,quad_joint,2.0682763588,0.3555326543,2,78989,1.03,0.3555,48
,quad_gap,0.1458678238,0.7025159103,1,78990,0.15,0.7025,48
,quad_joint,6.5256956122,0.0382792308,2,83340,3.26,0.0383,49
,quad_gap,5.9206703529,0.0149642641,1,83341,5.92,0.0150,49
,quad_joint,14.413093932,0.0007417139,2,51240,7.21,0.0007,50
,quad_gap,0.2256273041,0.6347852446,1,51241,0.23,0.6348,50
,quad_joint,0.31791528,0.8530324927,2,63114,0.16,0.8530,51
,quad_gap,0.2978435737,0.5852374752,1,63115,0.30,0.5852,51
,quad_joint,4.4302085151,0.1091421348,2,137366,2.22,0.1091,53
,quad_gap,1.3512096304,0.2450667589,1,137367,1.35,0.2451,53
,quad_joint,3.4452483873,0.1785968597,2,40239,1.72,0.1786,54
,quad_gap,3.4335397415,0.0638850373,1,40240,3.43,0.0639,54
,quad_joint,0.4794010813,0.7868634594,2,63974,0.24,0.7869,55
,quad_gap,0.0115131257,0.9145515921,1,63975,0.01,0.9146,55
,quad_joint,2.0919328056,0.3513521076,2,33572,1.05,0.3514,56
,quad_gap,0.1227881376,0.7260299846,1,33573,0.12,0.7260,56
