Model,Variable,Estimate,StdErr,ProbChiSq,State_Code,OR,LowerCL_OR,UpperCL_OR
1,URRU,0.4550,0.0103,<.0001,0,1.5761681913,1.5445177805,1.6084671855
1,year_centered,-0.0722,0.00159,<.0001,0,0.9303665242,0.9274744455,0.9332676211
2,URRU,0.4406,0.0105,<.0001,0,1.5536968405,1.5220642891,1.5859868007
2,year_centered,-0.0710,0.00160,<.0001,0,0.9315075355,0.9285909917,0.9344332397
3,URRU,0.2246,0.0109,<.0001,0,1.2518209753,1.2252709084,1.2789463484
3,year_centered,-0.0622,0.00165,<.0001,0,0.9397081744,0.9366718725,0.9427543186
3b,year_centered,-0.0639,0.00176,<.0001,0,0.9380686583,0.9348375372,0.9413109473
3b,URRU,0.2001,0.0122,<.0001,0,1.2214800755,1.1927202135,1.2509334192
3b,year_centered*URRU,0.0202,0.00468,<.0001,0,1.0203764895,1.0110667471,1.0297719546
1,URRU,0.1833,0.0535,0.0006,1,1.2012015516,1.0816466682,1.333970889
1,year_centered,-0.0827,0.00813,<.0001,1,0.9206447236,0.906096493,0.9354265398
2,URRU,0.2181,0.0546,<.0001,1,1.2436823609,1.1174692509,1.3841506721
2,year_centered,-0.0830,0.00820,<.0001,1,0.9203583989,0.9056920953,0.9352622009
3,URRU,0.0316,0.0567,0.5775,1,1.0321123249,0.9234855738,1.1535165047
3,year_centered,-0.0772,0.00837,<.0001,1,0.9256712672,0.9106106799,0.9409809416
3b,year_centered,-0.0811,0.00902,<.0001,1,0.9221355719,0.9059774616,0.9385818621
3b,URRU,-0.00383,0.0594,0.9486,1,0.996182018,0.8867177236,1.1191595551
3b,year_centered*URRU,0.0301,0.0240,0.2100,1,1.0305061672,0.9832086079,1.0800789905
1,URRU,0.5204,0.0458,<.0001,2,1.6827761191,1.5383850742,1.8407195406
1,year_centered,-0.0575,0.0105,<.0001,2,0.944127334,0.9248273354,0.9638300996
2,URRU,0.3903,0.0473,<.0001,2,1.4774384906,1.3465371023,1.6210652419
2,year_centered,-0.0641,0.0107,<.0001,2,0.9378717452,0.9183382188,0.9578207598
3,URRU,0.2301,0.0498,<.0001,2,1.258697164,1.1415610448,1.3878526759
3,year_centered,-0.0594,0.0111,<.0001,2,0.9423712916,0.9220674014,0.9631222728
3b,year_centered,-0.0566,0.0144,<.0001,2,0.9449498449,0.9186590617,0.9719930348
3b,URRU,0.2415,0.0631,0.0001,2,1.273119878,1.1250328391,1.4406994777
3b,year_centered*URRU,-0.00866,0.0216,0.6889,2,0.9913744543,0.9502031807,1.0343296345
1,URRU,0.0177,0.1075,0.8693,4,1.0178508785,0.8244343175,1.2566439664
1,year_centered,-0.0892,0.00958,<.0001,4,0.914682957,0.8976646486,0.9320239057
2,URRU,0.0608,0.1126,0.5891,4,1.0626930095,0.8523000689,1.3250221062
2,year_centered,-0.0908,0.00969,<.0001,4,0.9132322283,0.8960462496,0.9307478304
3,URRU,-0.1695,0.1167,0.1462,4,0.8440909748,0.6715678583,1.0609345951
3,year_centered,-0.0807,0.00995,<.0001,4,0.922509099,0.9047012741,0.9406674469
3b,year_centered,-0.0809,0.0101,<.0001,4,0.922301624,0.9042878088,0.9406742824
3b,URRU,-0.1874,0.1212,0.1219,4,0.8291122188,0.653850199,1.0513525457
3b,year_centered*URRU,0.0174,0.0374,0.6427,4,1.0175128594,0.9455490914,1.0949536397
1,URRU,0.2137,0.0423,<.0001,5,1.2381930686,1.1397661033,1.3451199072
1,year_centered,-0.0775,0.00813,<.0001,5,0.9254584076,0.9108229081,0.9403290766
2,URRU,0.2147,0.0431,<.0001,5,1.2394356582,1.1390110977,1.3487144716
2,year_centered,-0.0749,0.00826,<.0001,5,0.927868286,0.9129590631,0.9430209864
3,URRU,0.0597,0.0448,0.1831,5,1.0614851994,0.9722159628,1.1589511711
3,year_centered,-0.0668,0.00853,<.0001,5,0.9354029504,0.9198939268,0.9511734497
3b,year_centered,-0.0802,0.00991,<.0001,5,0.9228867248,0.905136499,0.9409850423
3b,URRU,-0.0128,0.0527,0.8075,5,0.9872524827,0.8904344759,1.0945976272
3b,year_centered*URRU,0.0578,0.0192,0.0027,5,1.0594996741,1.0202711806,1.1002364672
1,URRU,0.4193,0.1583,0.0081,6,1.5208599576,1.1150676508,2.0743270678
1,year_centered,-0.0575,0.00929,<.0001,6,0.9441552237,0.9271144416,0.9615092231
2,URRU,0.4339,0.1582,0.0061,6,1.5432856761,1.1318772797,2.1042304857
2,year_centered,-0.0561,0.00934,<.0001,6,0.9454192656,0.928274536,0.9628806491
3,URRU,0.2930,0.1602,0.0674,6,1.3403830311,0.9792532341,1.8346905659
3,year_centered,-0.0490,0.00950,<.0001,6,0.9522017986,0.9346390486,0.9700945692
3b,year_centered,-0.0496,0.00958,<.0001,6,0.9516190119,0.9339088225,0.9696650487
3b,URRU,0.2506,0.1707,0.1421,6,1.2847789042,0.9194854343,1.7951962818
3b,year_centered*URRU,0.0369,0.0748,0.6217,6,1.0376041031,0.8960933556,1.201462178
1,URRU,0.2706,0.0571,<.0001,8,1.3108148889,1.1720610033,1.4659950875
1,year_centered,-0.0846,0.00644,<.0001,8,0.9189121133,0.907386918,0.9305836962
2,URRU,0.3158,0.0580,<.0001,8,1.3714224062,1.2239992955,1.5366017148
2,year_centered,-0.0880,0.00646,<.0001,8,0.9157862844,0.9042727327,0.9274464311
3,URRU,0.1467,0.0598,0.0141,8,1.1579819192,1.0299504535,1.3019287681
3,year_centered,-0.0769,0.00660,<.0001,8,0.9260053094,0.9140957797,0.9380700053
3b,year_centered,-0.0793,0.00690,<.0001,8,0.9237768406,0.9113650924,0.9363576227
3b,URRU,0.1075,0.0638,0.0920,8,1.1134484172,0.9826201745,1.261695424
3b,year_centered*URRU,0.0320,0.0235,0.1728,8,1.032558865,0.986073617,1.0812355095
1,URRU,0.6511,0.0609,<.0001,12,1.9176236464,1.7018946051,2.1606981057
1,year_centered,-0.0840,0.00826,<.0001,12,0.9194559242,0.9046921545,0.9344606254
2,URRU,0.6077,0.0612,<.0001,12,1.8361495235,1.6285237116,2.070246229
2,year_centered,-0.0828,0.00834,<.0001,12,0.920568312,0.9056453411,0.9357371794
3,URRU,0.3888,0.0649,<.0001,12,1.4752823053,1.2990023431,1.6754841836
3,year_centered,-0.0741,0.00855,<.0001,12,0.9286141334,0.9131840466,0.9443049426
3b,year_centered,-0.0740,0.00875,<.0001,12,0.9286968458,0.9128981202,0.9447689861
3b,URRU,0.3923,0.0778,<.0001,12,1.4804175221,1.2711194975,1.7241778165
3b,year_centered*URRU,-0.00343,0.0257,0.8939,12,0.9965796786,0.9476341156,1.0480532934
1,URRU,0.4201,0.0531,<.0001,13,1.5220603222,1.3717278089,1.6888683087
1,year_centered,-0.0844,0.00779,<.0001,13,0.9190626342,0.9051421518,0.9331972044
2,URRU,0.4109,0.0539,<.0001,13,1.5081844676,1.3569958783,1.6762176104
2,year_centered,-0.0814,0.00785,<.0001,13,0.9218006726,0.9077328744,0.9360864898
3,URRU,0.1726,0.0572,0.0026,13,1.1884315553,1.0623055312,1.3295323427
3,year_centered,-0.0730,0.00802,<.0001,13,0.9295945317,0.9150941061,0.9443247287
3b,year_centered,-0.0780,0.00853,<.0001,13,0.9249917077,0.9096619561,0.9405797986
3b,URRU,0.1157,0.0620,0.0619,13,1.1226450954,0.99424872,1.2676224619
3b,year_centered*URRU,0.0484,0.0249,0.0524,13,1.0495479343,0.9994996196,1.1021023368
1,URRU,0.3419,0.0565,<.0001,16,1.4076277784,1.2601625732,1.5723494768
1,year_centered,-0.0949,0.0102,<.0001,16,0.909474478,0.8914311642,0.9278830036
2,URRU,0.3742,0.0568,<.0001,16,1.4538349425,1.3005775969,1.6251518133
2,year_centered,-0.0967,0.0102,<.0001,16,0.90780268,0.8897684402,0.9262024461
3,URRU,0.1986,0.0592,0.0008,16,1.2196354282,1.0860556836,1.3696448535
3,year_centered,-0.0895,0.0105,<.0001,16,0.9144144918,0.8958697336,0.9333431317
3b,year_centered,-0.0934,0.0114,<.0001,16,0.9108171976,0.8907385611,0.9313484378
3b,URRU,0.1601,0.0685,0.0195,16,1.1735821781,1.0260729523,1.3422974708
3b,year_centered*URRU,0.0328,0.0280,0.2412,16,1.0333401534,0.9781915619,1.0915979183
1,URRU,0.6186,0.0841,<.0001,17,1.8563571992,1.5742740394,2.1889848685
1,year_centered,-0.0714,0.00768,<.0001,17,0.9311272482,0.9172183315,0.9452470831
2,URRU,0.6008,0.0850,<.0001,17,1.823522744,1.5435395795,2.154292149
2,year_centered,-0.0687,0.00772,<.0001,17,0.9335845523,0.9195624753,0.9478204469
3,URRU,0.3352,0.0897,0.0002,17,1.3982761277,1.1728829999,1.6669830916
3,year_centered,-0.0604,0.00795,<.0001,17,0.9414155207,0.9268599998,0.9561996233
3b,year_centered,-0.0605,0.00816,<.0001,17,0.941271625,0.9263310438,0.9564531795
3b,URRU,0.3327,0.0993,0.0008,17,1.3947579347,1.1480000025,1.694555481
3b,year_centered*URRU,0.00204,0.0336,0.9515,17,1.002045003,0.9381410469,1.0703019459
1,URRU,0.2791,0.0508,<.0001,18,1.3218891606,1.1966280781,1.4602623696
1,year_centered,-0.0847,0.00664,<.0001,18,0.9187445318,0.9068608872,0.9307839016
2,URRU,0.2716,0.0521,<.0001,18,1.312008623,1.1846524098,1.4530562827
2,year_centered,-0.0837,0.00668,<.0001,18,0.9196761505,0.9077063788,0.9318037657
3,URRU,0.0760,0.0539,0.1583,18,1.0790036777,0.9708283635,1.1992325115
3,year_centered,-0.0747,0.00694,<.0001,18,0.9280559232,0.9155259826,0.9407573494
3b,year_centered,-0.0781,0.00724,<.0001,18,0.9248626162,0.9118282704,0.9380832845
3b,URRU,0.0226,0.0663,0.7334,18,1.022834222,0.8981972704,1.164766227
3b,year_centered*URRU,0.0398,0.0255,0.1192,18,1.0405597983,0.9897932284,1.0939301894
1,URRU,0.0867,0.0290,0.0028,19,1.0905154305,1.030197913,1.1543645053
1,year_centered,-0.0556,0.00573,<.0001,19,0.9458737871,0.935317987,0.9565487177
2,URRU,0.1315,0.0297,<.0001,19,1.140559782,1.0761104538,1.2088690447
2,year_centered,-0.0551,0.00580,<.0001,19,0.9463815703,0.9356919974,0.9571932636
3,URRU,-0.0110,0.0307,0.7200,19,0.9890668085,0.9313558754,1.0503537666
3,year_centered,-0.0487,0.00595,<.0001,19,0.9525125384,0.9414623984,0.9636923762
3b,year_centered,-0.0546,0.00717,<.0001,19,0.9468784088,0.9336699737,0.9602737008
3b,URRU,-0.0382,0.0338,0.2581,19,0.9625263514,0.9008759924,1.0283956783
3b,year_centered*URRU,0.0209,0.0128,0.1027,19,1.0211116852,0.9958060768,1.0470603645
1,URRU,0.1623,0.0320,<.0001,20,1.1761940635,1.1047531233,1.2522548666
1,year_centered,-0.0568,0.00588,<.0001,20,0.9447767639,0.9339540539,0.9557248881
2,URRU,0.2083,0.0326,<.0001,20,1.2316127605,1.1554476196,1.3127985778
2,year_centered,-0.0575,0.00595,<.0001,20,0.9440985753,0.9331530049,0.9551725336
3,URRU,0.0147,0.0341,0.6667,20,1.0147944727,0.9491950878,1.0849274665
3,year_centered,-0.0517,0.00610,<.0001,20,0.9496283951,0.9383341208,0.961058613
3b,year_centered,-0.0603,0.00682,<.0001,20,0.9414406307,0.928934193,0.9541154453
3b,URRU,-0.0592,0.0390,0.1293,20,0.9425065209,0.8730855619,1.0174472935
3b,year_centered*URRU,0.0534,0.0148,0.0003,20,1.0548082959,1.0246611559,1.0858424121
1,URRU,0.3423,0.0399,<.0001,21,1.4081768136,1.3021832188,1.5227979517
1,year_centered,-0.0761,0.00769,<.0001,21,0.9266884394,0.9128293692,0.9407579255
2,URRU,0.3578,0.0407,<.0001,21,1.4301155235,1.3205674652,1.5487511729
2,year_centered,-0.0751,0.00779,<.0001,21,0.9276060891,0.9135498765,0.9418785757
3,URRU,0.1491,0.0428,0.0005,21,1.1607836805,1.0673321601,1.2624174585
3,year_centered,-0.0674,0.00805,<.0001,21,0.9347962073,0.920162048,0.9496631066
3b,year_centered,-0.0767,0.00971,<.0001,21,0.9261603463,0.90869659,0.9439597292
3b,URRU,0.1144,0.0464,0.0137,21,1.1212061726,1.0237183092,1.227977726
3b,year_centered*URRU,0.0370,0.0168,0.0275,21,1.0376924987,1.0041178304,1.0723898025
1,URRU,0.2796,0.0640,<.0001,22,1.322615414,1.1666232722,1.4994656586
1,year_centered,-0.0647,0.00792,<.0001,22,0.9373410872,0.9229021608,0.9520059124
2,URRU,0.2641,0.0646,<.0001,22,1.3022729796,1.1473249805,1.4781469437
2,year_centered,-0.0635,0.00799,<.0001,22,0.9385119741,0.9239351136,0.9533188127
3,URRU,0.0855,0.0670,0.2021,22,1.0892515698,0.9551787918,1.242143348
3,year_centered,-0.0548,0.00828,<.0001,22,0.9466676877,0.9314240917,0.962160759
3b,year_centered,-0.0545,0.00870,<.0001,22,0.9469137912,0.9309086834,0.9631940747
3b,URRU,0.0897,0.0793,0.2580,22,1.0937930641,0.9364279542,1.2776031106
3b,year_centered*URRU,-0.00313,0.0283,0.9121,22,0.9968797975,0.9430980164,1.0537285769
1,URRU,0.3275,0.0285,<.0001,23,1.3875215071,1.3121482167,1.4672244402
1,year_centered,-0.0534,0.00647,<.0001,23,0.9480025811,0.9360476028,0.9601102456
2,URRU,0.3734,0.0288,<.0001,23,1.4526358104,1.372847804,1.5370609847
2,year_centered,-0.0526,0.00655,<.0001,23,0.9487386257,0.9366411974,0.9609923014
3,URRU,0.2375,0.0299,<.0001,23,1.2680475924,1.1957540629,1.3447118823
3,year_centered,-0.0426,0.00679,<.0001,23,0.9582801728,0.9456135531,0.9711164636
3b,year_centered,-0.0543,0.00951,<.0001,23,0.9471573624,0.9296616407,0.9649823439
3b,URRU,0.1938,0.0361,<.0001,23,1.2138970482,1.1309088001,1.3029751326
3b,year_centered*URRU,0.0320,0.0127,0.0115,23,1.0325117949,1.0071941241,1.0584658718
1,URRU,0.4593,0.0742,<.0001,24,1.5829098236,1.3687684994,1.8305531656
1,year_centered,-0.0807,0.00659,<.0001,24,0.922460382,0.9106247455,0.9344498494
2,URRU,0.4099,0.0729,<.0001,24,1.5066954304,1.3061267855,1.7380633683
2,year_centered,-0.0785,0.00660,<.0001,24,0.9245423612,0.9126529805,0.936586628
3,URRU,0.0937,0.0737,0.2031,24,1.0982843763,0.9506337634,1.2688677993
3,year_centered,-0.0657,0.00680,<.0001,24,0.9364233088,0.924026433,0.9489865029
3b,year_centered,-0.0655,0.00692,<.0001,24,0.9365578562,0.9239362586,0.9493518734
3b,URRU,0.1022,0.0801,0.2019,24,1.1076274732,0.9466937149,1.2959192609
3b,year_centered*URRU,-0.00698,0.0254,0.7838,24,0.9930422328,0.9447357783,1.0438187043
1,URRU,0.3331,0.0489,<.0001,26,1.3952360296,1.2676476335,1.5356661637
1,year_centered,-0.0905,0.00606,<.0001,26,0.9134958801,0.9027120427,0.9244085417
2,URRU,0.3939,0.0495,<.0001,26,1.4827977894,1.3457829901,1.6337621297
2,year_centered,-0.0918,0.00612,<.0001,26,0.9122669214,0.9013896394,0.9232754622
3,URRU,0.1811,0.0519,0.0005,26,1.1984834227,1.0825828415,1.3267922412
3,year_centered,-0.0874,0.00634,<.0001,26,0.9163088336,0.9049881028,0.9277711783
3b,year_centered,-0.0898,0.00671,<.0001,26,0.9141029211,0.9021668318,0.9261969304
3b,URRU,0.1488,0.0588,0.0114,26,1.160405548,1.0341640677,1.3020574567
3b,year_centered*URRU,0.0247,0.0206,0.2307,26,1.025039295,0.9844145936,1.0673404916
1,URRU,0.3955,0.0311,<.0001,27,1.4851584373,1.3973065344,1.5785337931
1,year_centered,-0.0714,0.00494,<.0001,27,0.9311280477,0.9221555438,0.9401878533
2,URRU,0.4451,0.0317,<.0001,27,1.5606804541,1.4667824063,1.6605895117
2,year_centered,-0.0718,0.00500,<.0001,27,0.9307284288,0.9216551686,0.939891011
3,URRU,0.2188,0.0328,<.0001,27,1.2446247322,1.167040733,1.3273664578
3,year_centered,-0.0638,0.00516,<.0001,27,0.9381474811,0.9287066864,0.9476842465
3b,year_centered,-0.0667,0.00562,<.0001,27,0.9354865753,0.9252340494,0.9458527096
3b,URRU,0.1969,0.0342,<.0001,27,1.2175988656,1.1386902311,1.3019756883
3b,year_centered*URRU,0.0197,0.0140,0.1608,27,1.0198971877,0.9921972397,1.048370457
1,URRU,0.1950,0.0455,<.0001,28,1.2153536917,1.1116282465,1.3287577035
1,year_centered,-0.0793,0.0109,<.0001,28,0.923796529,0.9043216428,0.9436908137
2,URRU,0.1945,0.0463,<.0001,28,1.2147118582,1.1094202112,1.3299964104
2,year_centered,-0.0761,0.0109,<.0001,28,0.9267045548,0.9070616662,0.9467728204
3,URRU,0.0668,0.0477,0.1612,28,1.0691031248,0.973696132,1.1738585108
3,year_centered,-0.0711,0.0112,<.0001,28,0.9313680617,0.9111413065,0.9520438381
3b,year_centered,-0.0832,0.0134,<.0001,28,0.9201775776,0.8963103684,0.9446803297
3b,URRU,0.0305,0.0491,0.5350,28,1.0309384665,0.9363214629,1.1351166921
3b,year_centered*URRU,0.0457,0.0239,0.0563,28,1.0467642893,0.9987743702,1.0970600669
1,URRU,0.2295,0.0388,<.0001,29,1.258010187,1.165975222,1.3573098302
1,year_centered,-0.0601,0.00750,<.0001,29,0.9416666038,0.927930273,0.9556062761
2,URRU,0.2800,0.0400,<.0001,29,1.3231102559,1.2232301928,1.4311457972
2,year_centered,-0.0600,0.00758,<.0001,29,0.9417301553,0.9278423038,0.9558258787
3,URRU,0.0393,0.0426,0.3564,29,1.0400841879,0.9567446235,1.1306832474
3,year_centered,-0.0539,0.00780,<.0001,29,0.9475675613,0.9331891912,0.9621674702
3b,year_centered,-0.0624,0.00878,<.0001,29,0.9395291261,0.9234939461,0.9558427345
3b,URRU,-0.0282,0.0495,0.5692,29,0.9721998873,0.8822658675,1.0713013568
3b,year_centered*URRU,0.0480,0.0190,0.0116,29,1.0492207987,1.0108126701,1.0890883316
1,URRU,0.2139,0.0343,<.0001,30,1.2385490877,1.1581070005,1.3245786807
1,year_centered,-0.0688,0.00778,<.0001,30,0.9335234352,0.9194027318,0.9478610124
2,URRU,0.1568,0.0353,<.0001,30,1.1697973656,1.0916660025,1.2535206496
2,year_centered,-0.0759,0.00792,<.0001,30,0.9268674885,0.9125973263,0.9413607913
3,URRU,0.0287,0.0364,0.4306,30,1.0290869726,0.9582735848,1.1051332458
3,year_centered,-0.0686,0.00814,<.0001,30,0.9336707413,0.9188863264,0.94869303
3b,year_centered,-0.0861,0.0110,<.0001,30,0.9174623545,0.8978077218,0.9375472625
3b,URRU,-0.0299,0.0429,0.4858,30,0.9705495911,0.8923041724,1.0556562863
3b,year_centered*URRU,0.0447,0.0161,0.0054,30,1.0456783623,1.0132953101,1.0790963172
1,URRU,0.0760,0.0282,0.0070,31,1.0790061503,1.0210253793,1.1402794642
1,year_centered,-0.0525,0.00650,<.0001,31,0.9488729263,0.9368667268,0.9610329886
2,URRU,0.1321,0.0288,<.0001,31,1.1412226952,1.0786535427,1.2074212789
2,year_centered,-0.0529,0.00657,<.0001,31,0.9484552628,0.9363264767,0.9607411602
3,URRU,-0.0152,0.0295,0.6062,31,0.9849172709,0.929624603,1.0434986632
3,year_centered,-0.0445,0.00672,<.0001,31,0.9565091379,0.9439870207,0.9691973627
3b,year_centered,-0.0522,0.00798,<.0001,31,0.9491193675,0.9343987248,0.9640719211
3b,URRU,-0.0703,0.0314,0.0252,31,0.9320810449,0.8764156914,0.9912819713
3b,year_centered*URRU,0.0404,0.0129,0.0018,31,1.0411781526,1.0151700785,1.0678525385
1,URRU,0.3149,0.1782,0.0772,32,1.3701734031,0.9662392091,1.942971406
1,year_centered,-0.0414,0.0153,0.0070,32,0.9594866262,0.9310668155,0.9887739209
2,URRU,0.2898,0.1907,0.1286,32,1.336211382,0.9194727778,1.9418311236
2,year_centered,-0.0409,0.0154,0.0078,32,0.9599523664,0.9314573704,0.9893190769
3,URRU,0.1405,0.1946,0.4705,32,1.1507979681,0.7858401376,1.685248564
3,year_centered,-0.0349,0.0157,0.0268,32,0.9657384431,0.9363921221,0.9960044714
3b,year_centered,-0.0348,0.0159,0.0287,32,0.9657532122,0.9360656184,0.9963823567
3b,URRU,0.1413,0.1747,0.4187,32,1.1517775319,0.8177477194,1.6222502998
3b,year_centered*URRU,-0.00097,0.0925,0.9916,32,0.9990299037,0.8334555238,1.1974973107
1,URRU,0.4060,0.0761,<.0001,35,1.5008681957,1.2928967161,1.7422933425
1,year_centered,-0.0642,0.00993,<.0001,35,0.9378312693,0.9197474225,0.9562706763
2,URRU,0.4652,0.0771,<.0001,35,1.5923665062,1.368977298,1.8522082827
2,year_centered,-0.0642,0.00997,<.0001,35,0.9378498021,0.9196959276,0.9563620159
3,URRU,0.3680,0.0786,<.0001,35,1.4449054547,1.2386907334,1.6854503847
3,year_centered,-0.0574,0.0102,<.0001,35,0.9442101664,0.9255945435,0.963200188
3b,year_centered,-0.0589,0.0106,<.0001,35,0.9428227023,0.9234224742,0.9626305109
3b,URRU,0.3400,0.0872,<.0001,35,1.404931573,1.1841535393,1.6668722926
3b,year_centered*URRU,0.0210,0.0364,0.5633,35,1.0212419379,0.9509783142,1.096697033
1,URRU,0.5239,0.0557,<.0001,36,1.6886776764,1.5139125869,1.8836175348
1,year_centered,-0.0593,0.00528,<.0001,36,0.9424474801,0.9327407034,0.9522552726
2,URRU,0.4823,0.0568,<.0001,36,1.6198442136,1.449142318,1.8106539597
2,year_centered,-0.0573,0.00532,<.0001,36,0.9442636867,0.934470442,0.9541595644
3,URRU,0.2719,0.0586,<.0001,36,1.3125061418,1.1699791218,1.4723958234
3,year_centered,-0.0491,0.00545,<.0001,36,0.9520404412,0.9419170545,0.9622726305
3b,year_centered,-0.0499,0.00558,<.0001,36,0.9512808886,0.9409322595,0.9617433347
3b,URRU,0.2380,0.0616,0.0001,36,1.2687191511,1.1244394403,1.4315117618
3b,year_centered*URRU,0.0249,0.0245,0.3105,36,1.0251629319,0.9770933414,1.075597379
1,URRU,0.2450,0.0756,0.0012,37,1.277636336,1.1015950554,1.4818100345
1,year_centered,-0.0872,0.00900,<.0001,37,0.9164827887,0.9004506433,0.9328003797
2,URRU,0.2783,0.0762,0.0003,37,1.320866869,1.1375235631,1.5337610069
2,year_centered,-0.0844,0.00908,<.0001,37,0.9190898451,0.9028764252,0.9355944178
3,URRU,0.1211,0.0769,0.1154,37,1.1287238866,0.9707838239,1.3123597456
3,year_centered,-0.0715,0.00929,<.0001,37,0.93102529,0.9142197486,0.9481397573
3b,year_centered,-0.0731,0.00970,<.0001,37,0.9295163221,0.9120085728,0.9473601663
3b,URRU,0.0934,0.0838,0.2650,37,1.0979546405,0.9315910322,1.2940274766
3b,year_centered*URRU,0.0203,0.0341,0.5507,37,1.0205334468,0.9546287005,1.0909880621
1,URRU,0.2018,0.0406,<.0001,38,1.2235683951,1.1298845233,1.3250200234
1,year_centered,-0.0757,0.00854,<.0001,38,0.9270978836,0.9117018614,0.9427539004
2,URRU,0.1842,0.0414,<.0001,38,1.2022851092,1.1085831434,1.3039071472
2,year_centered,-0.0795,0.00867,<.0001,38,0.9236180907,0.9080521087,0.9394509074
3,URRU,0.0975,0.0428,0.0228,38,1.1024200598,1.0136474284,1.1989671697
3,year_centered,-0.0739,0.00890,<.0001,38,0.9287838359,0.9127147227,0.9451358593
3b,year_centered,-0.0808,0.0110,<.0001,38,0.922391218,0.9026997419,0.9425122437
3b,URRU,0.0678,0.0495,0.1703,38,1.0701843162,0.9712923816,1.1791449127
3b,year_centered*URRU,0.0239,0.0183,0.1903,38,1.0241916298,0.9882000555,1.0614940656
1,URRU,0.2024,0.0477,<.0001,39,1.2243665356,1.1151421816,1.3442890407
1,year_centered,-0.0763,0.00624,<.0001,39,0.9265480628,0.9152780201,0.9379568762
2,URRU,0.2039,0.0493,<.0001,39,1.2261315568,1.1133004327,1.3503979254
2,year_centered,-0.0764,0.00632,<.0001,39,0.9264019072,0.9150031218,0.9379426947
3,URRU,-0.0762,0.0559,0.1730,39,0.9266607822,0.8305059408,1.0339482997
3,year_centered,-0.0697,0.00655,<.0001,39,0.9326690004,0.9207652099,0.9447266849
3b,year_centered,-0.0698,0.00677,<.0001,39,0.9325553051,0.920257753,0.9450171914
3b,URRU,-0.0792,0.0638,0.2141,39,0.9238327814,0.8152857314,1.0468317734
3b,year_centered*URRU,0.00245,0.0263,0.9256,39,1.0024554375,0.9521831118,1.0553819868
1,URRU,0.3024,0.0427,<.0001,40,1.3531591356,1.2445951813,1.471192942
1,year_centered,-0.0708,0.00749,<.0001,40,0.9316477585,0.9180773815,0.9454187232
2,URRU,0.2942,0.0435,<.0001,40,1.3419993855,1.2323283148,1.4614306344
2,year_centered,-0.0710,0.00755,<.0001,40,0.9314227552,0.9177440843,0.9453053022
3,URRU,0.1514,0.0446,0.0007,40,1.1634469716,1.0661567352,1.2696152555
3,year_centered,-0.0644,0.00774,<.0001,40,0.9375889578,0.9234753904,0.9519182242
3b,year_centered,-0.0672,0.00861,<.0001,40,0.9349916603,0.9193524835,0.9508968763
3b,URRU,0.1295,0.0524,0.0134,40,1.1382686086,1.0272543964,1.2612800002
3b,year_centered*URRU,0.0165,0.0195,0.3981,40,1.0165883047,0.9785234041,1.0561339432
1,URRU,0.0351,0.0981,0.7206,41,1.0357264762,0.8544847885,1.2554106849
1,year_centered,-0.0754,0.00810,<.0001,41,0.9273750053,0.9127702891,0.9422134031
2,URRU,0.0663,0.0990,0.5034,41,1.0685168518,0.8800042648,1.2974121925
2,year_centered,-0.0740,0.00816,<.0001,41,0.928654774,0.9139207909,0.9436262943
3,URRU,-0.0956,0.1021,0.3491,41,0.9087991426,0.7439219188,1.1102185066
3,year_centered,-0.0658,0.00833,<.0001,41,0.9363202463,0.9211525652,0.9517376781
3b,year_centered,-0.0694,0.00846,<.0001,41,0.9329234533,0.9175817248,0.9485216916
3b,URRU,-0.2353,0.1171,0.0445,41,0.7903233758,0.6282260884,0.9942456224
3b,year_centered*URRU,0.1183,0.0483,0.0144,41,1.125530756,1.023814,1.2373531546
1,URRU,0.2955,0.0918,0.0013,42,1.3437927771,1.1224410172,1.6087963643
1,year_centered,-0.0769,0.0102,<.0001,42,0.9260128875,0.9077187998,0.9446756728
2,URRU,0.3036,0.0938,0.0012,42,1.3547187285,1.1272560789,1.6280797839
2,year_centered,-0.0753,0.0103,<.0001,42,0.9274956228,0.9089218907,0.9464489073
3,URRU,0.1496,0.0969,0.1226,42,1.1613893161,0.9604908224,1.4043082057
3,year_centered,-0.0676,0.0107,<.0001,42,0.9346464294,0.9152048838,0.9545009686
3b,year_centered,-0.0684,0.0111,<.0001,42,0.9338547542,0.9138124018,0.954336689
3b,URRU,0.1345,0.0954,0.1585,42,1.143913639,0.9489077494,1.3789943377
3b,year_centered*URRU,0.0187,0.0431,0.6637,42,1.0189116287,0.9364079838,1.1086843823
1,URRU,0.2898,0.0597,<.0001,45,1.3362202789,1.1887018595,1.5020457986
1,year_centered,-0.0842,0.0100,<.0001,45,0.919226815,0.9013343359,0.9374744795
2,URRU,0.3199,0.0612,<.0001,45,1.3770250265,1.2214246685,1.5524477051
2,year_centered,-0.0828,0.0102,<.0001,45,0.9205528465,0.902378569,0.9390931614
3,URRU,0.1333,0.0637,0.0365,45,1.1426204213,1.0084226952,1.2946767595
3,year_centered,-0.0707,0.0104,<.0001,45,0.931785852,0.9129423992,0.9510182403
3b,year_centered,-0.0728,0.0111,<.0001,45,0.9298289313,0.9098788987,0.950216389
3b,URRU,0.1001,0.0663,0.1313,45,1.105296026,0.9705342075,1.2587699596
3b,year_centered*URRU,0.0280,0.0281,0.3184,45,1.0284376083,0.9733144121,1.0866826804
1,URRU,0.3801,0.0699,<.0001,46,1.4623717241,1.2750588266,1.6772018786
1,year_centered,-0.0625,0.0122,<.0001,46,0.9394202044,0.917149919,0.9622312582
2,URRU,0.2267,0.0757,0.0028,46,1.2545062718,1.0814452198,1.4552618635
2,year_centered,-0.0645,0.0125,<.0001,46,0.937536764,0.9148127562,0.9608252375
3,URRU,0.0749,0.0787,0.3415,46,1.0777529206,0.9236616462,1.2575507088
3,year_centered,-0.0589,0.0128,<.0001,46,0.9428337293,0.9195040052,0.9667553769
3b,year_centered,-0.0688,0.0145,<.0001,46,0.9334825873,0.9072961617,0.9604248068
3b,URRU,0.0288,0.0812,0.7226,46,1.0292590661,0.8777750282,1.2068858091
3b,year_centered*URRU,0.0348,0.0296,0.2390,46,1.0354288582,0.9771336243,1.0972019525
1,URRU,0.3134,0.0521,<.0001,47,1.368013016,1.2351331366,1.5151885707
1,year_centered,-0.0534,0.00838,<.0001,47,0.9479571291,0.9325088015,0.9636613802
2,URRU,0.2904,0.0530,<.0001,47,1.3369220622,1.2049350814,1.4833667207
2,year_centered,-0.0536,0.00844,<.0001,47,0.9478413014,0.9322923329,0.9636495988
3,URRU,0.0659,0.0553,0.2334,47,1.0681602145,0.958365388,1.1905336504
3,year_centered,-0.0411,0.00872,<.0001,47,0.9597279135,0.9434707813,0.9762651756
3b,year_centered,-0.0389,0.00946,<.0001,47,0.9618894736,0.9442278852,0.9798814184
3b,URRU,0.0841,0.0610,0.1677,47,1.0877848919,0.9652167169,1.225917403
3b,year_centered*URRU,-0.0173,0.0239,0.4682,47,0.9828272494,0.9378884712,1.029919262
1,URRU,0.5135,0.0736,<.0001,48,1.6711791501,1.4467353039,1.9304428005
1,year_centered,-0.0744,0.00939,<.0001,48,0.9282989044,0.9113686581,0.9455436593
2,URRU,0.5178,0.0752,<.0001,48,1.6784150928,1.4483609315,1.9450105028
2,year_centered,-0.0741,0.00949,<.0001,48,0.9285434533,0.9114396885,0.9459681815
3,URRU,0.3315,0.0778,<.0001,48,1.3930032613,1.1958736596,1.6226280014
3,year_centered,-0.0649,0.00967,<.0001,48,0.9371467121,0.919556485,0.9550734232
3b,year_centered,-0.0645,0.0101,<.0001,48,0.9375651324,0.9191490632,0.956350186
3b,URRU,0.3387,0.0862,<.0001,48,1.403134357,1.1849565723,1.6614836945
3b,year_centered*URRU,-0.00588,0.0333,0.8597,48,0.9941385395,0.9313924205,1.0611117441
1,URRU,0.4470,0.0552,<.0001,49,1.563539333,1.4032989891,1.7420772514
1,year_centered,-0.0747,0.00792,<.0001,49,0.9280149792,0.9137222457,0.9425312842
2,URRU,0.4968,0.0563,<.0001,49,1.6434764327,1.4717773903,1.8352060595
2,year_centered,-0.0787,0.00793,<.0001,49,0.9243338743,0.9100773618,0.9388137175
3,URRU,0.2403,0.0598,<.0001,49,1.2716030566,1.1308796691,1.4298376544
3,year_centered,-0.0678,0.00810,<.0001,49,0.9344705205,0.9197444307,0.9494323908
3b,year_centered,-0.0692,0.00848,<.0001,49,0.9331083981,0.9177202867,0.9487545336
3b,URRU,0.2128,0.0664,0.0013,49,1.2370805949,1.0862122053,1.408903703
3b,year_centered*URRU,0.0223,0.0266,0.4012,49,1.0225703573,0.9706439665,1.0772746463
1,URRU,0.2373,0.0439,<.0001,50,1.2678102957,1.1632850924,1.3817274514
1,year_centered,-0.0647,0.00878,<.0001,50,0.9373283302,0.9213303484,0.953604101
2,URRU,0.2673,0.0444,<.0001,50,1.3064900927,1.197584026,1.4252998749
2,year_centered,-0.0677,0.00869,<.0001,50,0.9345061879,0.9187252022,0.9505582443
3,URRU,0.1579,0.0460,0.0006,50,1.17104184,1.0700311771,1.2815878831
3,year_centered,-0.0514,0.00910,<.0001,50,0.9499218038,0.9331378109,0.967007684
3b,year_centered,-0.0512,0.0109,<.0001,50,0.9500771745,0.9299672478,0.9706219651
3b,URRU,0.1586,0.0525,0.0025,50,1.1719151202,1.0572874576,1.2989703408
3b,year_centered*URRU,-0.00060,0.0199,0.9760,50,0.9994017209,0.9612063351,1.039114874
1,URRU,0.5095,0.0481,<.0001,51,1.6644935997,1.5147027688,1.8290974313
1,year_centered,-0.0637,0.00860,<.0001,51,0.9383266259,0.9226467932,0.954272928
2,URRU,0.5115,0.0487,<.0001,51,1.6677530493,1.5158480587,1.8348806251
2,year_centered,-0.0609,0.00859,<.0001,51,0.9408730926,0.9251711465,0.9568415311
3,URRU,0.2404,0.0503,<.0001,51,1.2717751697,1.1524081803,1.4035062489
3,year_centered,-0.0512,0.00887,<.0001,51,0.9500467136,0.9336708744,0.966709772
3b,year_centered,-0.0517,0.00975,<.0001,51,0.9496163968,0.9316457223,0.9679337108
3b,URRU,0.2367,0.0496,<.0001,51,1.2670151847,1.1497300852,1.3962646528
3b,year_centered*URRU,0.00291,0.0234,0.9008,51,1.0029158607,0.9580499933,1.0498828146
1,URRU,0.2348,0.0568,<.0001,53,1.264630389,1.1314823021,1.4134467837
1,year_centered,-0.0809,0.00552,<.0001,53,0.9222654439,0.9123454338,0.9322933152
2,URRU,0.2707,0.0572,<.0001,53,1.3108958636,1.1718689894,1.4664164516
2,year_centered,-0.0811,0.00556,<.0001,53,0.9221209279,0.9121226741,0.9322287779
3,URRU,0.0982,0.0604,0.1038,53,1.1032280811,0.9800698164,1.2418627517
3,year_centered,-0.0722,0.00567,<.0001,53,0.9303795113,0.9201009671,0.9407728782
3b,year_centered,-0.0747,0.00579,<.0001,53,0.9280507403,0.9175806302,0.9386403202
3b,URRU,-0.00472,0.0732,0.9486,53,0.9952927126,0.8623406922,1.1487427101
3b,year_centered*URRU,0.0873,0.0246,0.0004,53,1.0912187191,1.0397524292,1.1452325184
1,URRU,0.0938,0.0381,0.0140,54,1.0982885557,1.019185658,1.1835309319
1,year_centered,-0.0537,0.00719,<.0001,54,0.947763165,0.9344958732,0.9612188163
2,URRU,0.1229,0.0394,0.0018,54,1.1308164701,1.0467018518,1.2216906725
2,year_centered,-0.0530,0.00732,<.0001,54,0.9483519021,0.9348358186,0.9620634044
3,URRU,0.0216,0.0404,0.5930,54,1.0218405407,0.9440067506,1.1060917625
3,year_centered,-0.0461,0.00749,<.0001,54,0.9549906969,0.9410775939,0.9691094945
3b,year_centered,-0.0599,0.00840,<.0001,54,0.9418843369,0.9265011395,0.9575229498
3b,URRU,-0.0561,0.0470,0.2330,54,0.9454773497,0.8622651486,1.0367198769
3b,year_centered*URRU,0.0556,0.0182,0.0023,54,1.0571866115,1.0200987337,1.0956228988
1,URRU,0.2011,0.0433,<.0001,55,1.2227768813,1.1232688781,1.3311000871
1,year_centered,-0.0686,0.00758,<.0001,55,0.93371357,0.9199375232,0.9476959128
2,URRU,0.2508,0.0443,<.0001,55,1.2850653007,1.1782837639,1.4015238753
2,year_centered,-0.0696,0.00768,<.0001,55,0.932779093,0.9188386264,0.946931062
3,URRU,0.0764,0.0458,0.0951,55,1.0793823223,0.9867772567,1.1806779998
3,year_centered,-0.0610,0.00785,<.0001,55,0.9408679048,0.9264938912,0.9554649229
3b,year_centered,-0.0652,0.00874,<.0001,55,0.9368986845,0.9209927837,0.9530792863
3b,URRU,0.0424,0.0594,0.4751,55,1.0433100438,0.9287143692,1.1720458772
3b,year_centered*URRU,0.0263,0.0195,0.1778,55,1.0266066838,0.9881360933,1.0665750299
1,URRU,-0.0897,0.0473,0.0582,56,0.9142237951,0.8332202785,1.0031022637
1,year_centered,-0.0820,0.00897,<.0001,56,0.9212603168,0.9052126554,0.937592472
2,URRU,-0.0487,0.0483,0.3132,56,0.9525000766,0.8665499776,1.0469752689
2,year_centered,-0.0819,0.00900,<.0001,56,0.9213641486,0.9052463178,0.937768956
3,URRU,-0.1215,0.0493,0.0137,56,0.8856016204,0.8040441395,0.9754318098
3,year_centered,-0.0778,0.00922,<.0001,56,0.9251638498,0.9085931075,0.942036806
3b,year_centered,-0.0764,0.0108,<.0001,56,0.9264534675,0.9070924705,0.9462277059
3b,URRU,-0.1154,0.0560,0.0393,56,0.891013783,0.7984142425,0.9943529553
3b,year_centered*URRU,-0.00509,0.0209,0.8077,56,0.9949259832,0.9549979663,1.0365233717
