State_Code,State,OR_Model1,PValue_Model1,OR_Model2,PValue_Model2,OR_Model3,PValue_Model3,OR_Model3b_interaction,PValue_Model3b_interaction
0,Nationwide,1.5761681913,5e-05,1.5536968405,5e-05,1.2518209753,5e-05,1.0203764895,5e-05
1,Alabama,1.2012015516,0.0006,1.2436823609,5e-05,1.0321123249,0.5775,1.0305061672,0.21
2,Alaska,1.6827761191,5e-05,1.4774384906,5e-05,1.258697164,5e-05,0.9913744543,0.6889
4,Arizona,1.0178508785,0.8693,1.0626930095,0.5891,0.8440909748,0.1462,1.0175128594,0.6427
5,Arkansas,1.2381930686,5e-05,1.2394356582,5e-05,1.0614851994,0.1831,1.0594996741,0.0027
6,California,1.5208599576,0.0081,1.5432856761,0.0061,1.3403830311,0.0674,1.0376041031,0.6217
8,Colorado,1.3108148889,5e-05,1.3714224062,5e-05,1.1579819192,0.0141,1.032558865,0.1728
12,Florida,1.9176236464,5e-05,1.8361495235,5e-05,1.4752823053,5e-05,0.9965796786,0.8939
13,Georgia,1.5220603222,5e-05,1.5081844676,5e-05,1.1884315553,0.0026,1.0495479343,0.0524
16,Idaho,1.4076277784,5e-05,1.4538349425,5e-05,1.2196354282,0.0008,1.0333401534,0.2412
17,Illinois,1.8563571992,5e-05,1.823522744,5e-05,1.3982761277,0.0002,1.002045003,0.9515
18,Indiana,1.3218891606,5e-05,1.312008623,5e-05,1.0790036777,0.1583,1.0405597983,0.1192
19,Iowa,1.0905154305,0.0028,1.140559782,5e-05,0.9890668085,0.72,1.0211116852,0.1027
20,Kansas,1.1761940635,5e-05,1.2316127605,5e-05,1.0147944727,0.6667,1.0548082959,0.0003
21,Kentucky,1.4081768136,5e-05,1.4301155235,5e-05,1.1607836805,0.0005,1.0376924987,0.0275
22,Louisiana,1.322615414,5e-05,1.3022729796,5e-05,1.0892515698,0.2021,0.9968797975,0.9121
23,Maine,1.3875215071,5e-05,1.4526358104,5e-05,1.2680475924,5e-05,1.0325117949,0.0115
24,Maryland,1.5829098236,5e-05,1.5066954304,5e-05,1.0982843763,0.2031,0.9930422328,0.7838
26,Michigan,1.3952360296,5e-05,1.4827977894,5e-05,1.1984834227,0.0005,1.025039295,0.2307
27,Minnesota,1.4851584373,5e-05,1.5606804541,5e-05,1.2446247322,5e-05,1.0198971877,0.1608
28,Mississippi,1.2153536917,5e-05,1.2147118582,5e-05,1.0691031248,0.1612,1.0467642893,0.0563
29,Missouri,1.258010187,5e-05,1.3231102559,5e-05,1.0400841879,0.3564,1.0492207987,0.0116
30,Montana,1.2385490877,5e-05,1.1697973656,5e-05,1.0290869726,0.4306,1.0456783623,0.0054
31,Nebraska,1.0790061503,0.007,1.1412226952,5e-05,0.9849172709,0.6062,1.0411781526,0.0018
32,Nevada,1.3701734031,0.0772,1.336211382,0.1286,1.1507979681,0.4705,0.9990299037,0.9916
35,New Mexico,1.5008681957,5e-05,1.5923665062,5e-05,1.4449054547,5e-05,1.0212419379,0.5633
36,New York,1.6886776764,5e-05,1.6198442136,5e-05,1.3125061418,5e-05,1.0251629319,0.3105
37,North Carolina,1.277636336,0.0012,1.320866869,0.0003,1.1287238866,0.1154,1.0205334468,0.5507
38,North Dakota,1.2235683951,5e-05,1.2022851092,5e-05,1.1024200598,0.0228,1.0241916298,0.1903
39,Ohio,1.2243665356,5e-05,1.2261315568,5e-05,0.9266607822,0.173,1.0024554375,0.9256
40,Oklahoma,1.3531591356,5e-05,1.3419993855,5e-05,1.1634469716,0.0007,1.0165883047,0.3981
41,Oregon,1.0357264762,0.7206,1.0685168518,0.5034,0.9087991426,0.3491,1.125530756,0.0144
42,Pennsylvania,1.3437927771,0.0013,1.3547187285,0.0012,1.1613893161,0.1226,1.0189116287,0.6637
45,South Carolina,1.3362202789,5e-05,1.3770250265,5e-05,1.1426204213,0.0365,1.0284376083,0.3184
46,South Dakota,1.4623717241,5e-05,1.2545062718,0.0028,1.0777529206,0.3415,1.0354288582,0.239
47,Tennessee,1.368013016,5e-05,1.3369220622,5e-05,1.0681602145,0.2334,0.9828272494,0.4682
48,Texas,1.6711791501,5e-05,1.6784150928,5e-05,1.3930032613,5e-05,0.9941385395,0.8597
49,Utah,1.563539333,5e-05,1.6434764327,5e-05,1.2716030566,5e-05,1.0225703573,0.4012
50,Vermont,1.2678102957,5e-05,1.3064900927,5e-05,1.17104184,0.0006,0.9994017209,0.976
51,Virginia,1.6644935997,5e-05,1.6677530493,5e-05,1.2717751697,5e-05,1.0029158607,0.9008
53,Washington,1.264630389,5e-05,1.3108958636,5e-05,1.1032280811,0.1038,1.0912187191,0.0004
54,West Virginia,1.0982885557,0.014,1.1308164701,0.0018,1.0218405407,0.593,1.0571866115,0.0023
55,Wisconsin,1.2227768813,5e-05,1.2850653007,5e-05,1.0793823223,0.0951,1.0266066838,0.1778
56,Wyoming,0.9142237951,0.0582,0.9525000766,0.3132,0.8856016204,0.0137,0.9949259832,0.8077
