Spec,Variable,ClassVal0,ClassVal1,DF,Estimate,StdErr,WaldChiSq,ProbChiSq,tValue,ProbT,OR,LCL,UCL
LINEAR,Intercept,,,3051339,-4.2878,0.0204,44030.84151,<.0001,-209.84,<.0001,0.0137357692,0.0131965164,0.0142970576
LINEAR,URRU,,,3051339,0.2001,0.0122,270.84381198,<.0001,16.46,<.0001,1.2214800755,1.1927202135,1.2509334192
LINEAR,year_centered,,,3051339,-0.0639,0.00176,1318.9104185,<.0001,-36.32,<.0001,0.9380686583,0.9348375372,0.9413109473
LINEAR,rural_x_year,,,3051339,0.0202,0.00468,18.60645701,<.0001,4.31,<.0001,1.0203764895,1.0110667471,1.0297719546
LINEAR,_AGE_G,1,,3051339,-0.2479,0.0176,197.39893781,<.0001,-14.05,<.0001,0.7804018694,0.753869854,0.8078676639
LINEAR,_AGE_G,2,,3051339,0.7610,0.0126,3653.7466006,<.0001,60.45,<.0001,2.1405026649,2.0883276048,2.1939812738
LINEAR,_AGE_G,3,,3051339,0.9614,0.0121,6311.9019266,<.0001,79.45,<.0001,2.615474557,2.5541674588,2.6782531955
LINEAR,_AGE_G,4,,3051339,0.8200,0.0120,4676.0631049,<.0001,68.38,<.0001,2.2703901693,2.217653674,2.3243807549
LINEAR,_AGE_G,5,,3051339,0.7624,0.0113,4539.595303,<.0001,67.38,<.0001,2.1434619455,2.0964453017,2.1915330241
LINEAR,SEXVAR,1,,3051339,0.2333,0.00754,956.26375945,<.0001,30.92,<.0001,1.2627596226,1.2442245319,1.2815708287
LINEAR,_RACEGR3,1,,3051339,0.7765,0.0160,2365.7664689,<.0001,48.64,<.0001,2.1739261711,2.1069533416,2.2430278375
LINEAR,_RACEGR3,2,,3051339,0.6723,0.0186,1304.6283064,<.0001,36.12,<.0001,1.9586751808,1.8885102214,2.0314470212
LINEAR,_RACEGR3,3,,3051339,0.5289,0.0238,492.16881494,<.0001,22.18,<.0001,1.6970910951,1.6196122617,1.7782763524
LINEAR,_RACEGR3,4,,3051339,1.0888,0.0258,1778.2619133,<.0001,42.17,<.0001,2.9706138584,2.8240261353,3.1248105622
LINEAR,_EDUCAG,1,,3051339,2.0199,0.0146,19178.880192,<.0001,138.49,<.0001,7.5373645606,7.324944686,7.7559445094
LINEAR,_EDUCAG,2,,3051339,1.5043,0.0105,20634.364912,<.0001,143.65,<.0001,4.5010188825,4.4095744127,4.5943597012
LINEAR,_EDUCAG,3,,3051339,1.1555,0.0105,12025.747834,<.0001,109.66,<.0001,3.1757666656,3.1108494437,3.2420385805
QUADRATIC,Intercept,,,3051339,-4.2776,0.0206,43263.258166,<.0001,-208.00,<.0001,0.0138764218,0.0133282116,0.0144471807
QUADRATIC,URRU,,,3051339,0.1977,0.0146,182.93770173,<.0001,13.53,<.0001,1.218640542,1.1842167807,1.2540649608
QUADRATIC,year_centered,,,3051339,-0.0551,0.00295,347.9791732,<.0001,-18.65,<.0001,0.9464042675,0.9409424538,0.951897785
QUADRATIC,year_sq,,,3051339,-0.00324,0.000890,13.252345138,0.0003,-3.64,0.0003,0.9967664778,0.9950298631,0.9985061234
QUADRATIC,rural_x_year,,,3051339,0.0186,0.00825,5.0759925118,0.0243,2.25,0.0243,1.0187673955,1.0024209572,1.0353803945
QUADRATIC,rural_x_yearsq,,,3051339,0.000651,0.00241,0.0726392954,0.7875,0.27,0.7875,1.0006508779,0.99592716,1.0053970005
QUADRATIC,_AGE_G,1,,3051339,-0.2477,0.0176,196.99252231,<.0001,-14.04,<.0001,0.7805972175,0.7540580248,0.8080704613
QUADRATIC,_AGE_G,2,,3051339,0.7611,0.0126,3653.9177709,<.0001,60.45,<.0001,2.1405803759,2.0884021703,2.1940622408
QUADRATIC,_AGE_G,3,,3051339,0.9615,0.0121,6313.2539202,<.0001,79.46,<.0001,2.615714874,2.5544028412,2.6784985483
QUADRATIC,_AGE_G,4,,3051339,0.8202,0.0120,4678.3157709,<.0001,68.40,<.0001,2.2709823544,2.2182280792,2.3249912408
QUADRATIC,_AGE_G,5,,3051339,0.7624,0.0113,4539.1744675,<.0001,67.37,<.0001,2.1434059861,2.0963900067,2.1914763983
QUADRATIC,SEXVAR,1,,3051339,0.2334,0.00754,956.62811444,<.0001,30.93,<.0001,1.2628276717,1.2442908373,1.2816406587
QUADRATIC,_RACEGR3,1,,3051339,0.7771,0.0160,2367.8435787,<.0001,48.66,<.0001,2.1750731471,2.108049134,2.244228144
QUADRATIC,_RACEGR3,2,,3051339,0.6728,0.0186,1306.0703638,<.0001,36.14,<.0001,1.9596930709,1.8894764707,2.0325190557
QUADRATIC,_RACEGR3,3,,3051339,0.5289,0.0238,492.08263794,<.0001,22.18,<.0001,1.6970698529,1.6195871538,1.7782594033
QUADRATIC,_RACEGR3,4,,3051339,1.0889,0.0258,1777.6585,<.0001,42.16,<.0001,2.9710658079,2.8244115522,3.1253349137
QUADRATIC,_EDUCAG,1,,3051339,2.0198,0.0146,19180.092824,<.0001,138.49,<.0001,7.537151962,7.3247476222,7.7557156407
QUADRATIC,_EDUCAG,2,,3051339,1.5044,0.0105,20633.712426,<.0001,143.64,<.0001,4.5012961189,4.4098408793,4.5946480393
QUADRATIC,_EDUCAG,3,,3051339,1.1555,0.0105,12023.430168,<.0001,109.65,<.0001,3.175676047,3.1107560721,3.2419508703
CATEGORICAL,Intercept,,,3051339,-4.1981,0.0224,35017.212832,<.0001,-187.13,<.0001,0.0150246594,0.0143783274,0.0157000452
CATEGORICAL,URRU,1,,3051339,0.1988,0.0284,49.096363853,<.0001,7.01,<.0001,1.2199120929,1.1539321664,1.2896646421
CATEGORICAL,year,2019,,3051339,0.000593,0.0143,0.0017188998,0.9669,0.04,0.9669,1.0005935936,0.9729132609,1.0290614588
CATEGORICAL,year,2020,,3051339,-0.0786,0.0157,25.095510123,<.0001,-5.01,<.0001,0.9244150413,0.8964216862,0.9532825698
CATEGORICAL,year,2021,,3051339,-0.1422,0.0149,90.816943776,<.0001,-9.53,<.0001,0.867456594,0.8424557888,0.8931993258
CATEGORICAL,year,2022,,3051339,-0.1865,0.0151,153.25653143,<.0001,-12.38,<.0001,0.8298382388,0.805690358,0.8547098717
CATEGORICAL,year,2023,,3051339,-0.3051,0.0159,365.90680641,<.0001,-19.13,<.0001,0.7370477723,0.7143626273,0.7604533018
CATEGORICAL,year,2024,,3051339,-0.3566,0.0158,506.36290128,<.0001,-22.50,<.0001,0.7000320542,0.6786212915,0.7221183347
CATEGORICAL,year,2025,,3051339,-0.4175,0.0168,619.26029899,<.0001,-24.88,<.0001,0.6587183364,0.6374117919,0.6807370876
CATEGORICAL,URRU*year,1,2019,3051339,-0.0712,0.0380,3.5130889934,0.0609,-1.87,0.0609,0.9312412815,0.8643910395,1.003261585
CATEGORICAL,URRU*year,1,2020,3051339,-0.0102,0.0406,0.0631195639,0.8016,-0.25,0.8016,0.9898633505,0.9142307791,1.0717528604
CATEGORICAL,URRU*year,1,2021,3051339,0.0501,0.0427,1.381016652,0.2399,1.18,0.2399,1.0514264447,0.9670635085,1.1431488821
CATEGORICAL,URRU*year,1,2022,3051339,-0.00417,0.0417,0.0100074426,0.9203,-0.10,0.9203,0.9958414016,0.9177636606,1.0805615211
CATEGORICAL,URRU*year,1,2023,3051339,0.0984,0.0453,4.7180358943,0.0298,2.17,0.0298,1.1034453439,1.0096586728,1.2059438102
CATEGORICAL,URRU*year,1,2024,3051339,0.1280,0.0416,9.4964368819,0.0021,3.08,0.0021,1.1366019155,1.0477072179,1.2330390517
CATEGORICAL,URRU*year,1,2025,3051339,0.0627,0.0448,1.9625001394,0.1612,1.40,0.1612,1.0647457816,0.9752723992,1.1624276259
CATEGORICAL,_AGE_G,1,,3051339,-0.2476,0.0176,196.86758148,<.0001,-14.03,<.0001,0.7806630255,0.7541222001,0.8081379376
CATEGORICAL,_AGE_G,2,,3051339,0.7610,0.0126,3652.8803724,<.0001,60.44,<.0001,2.1403952251,2.0882200734,2.1938739972
CATEGORICAL,_AGE_G,3,,3051339,0.9614,0.0121,6312.8024414,<.0001,79.45,<.0001,2.6154369758,2.5541359849,2.6782092318
CATEGORICAL,_AGE_G,4,,3051339,0.8203,0.0120,4678.8806911,<.0001,68.40,<.0001,2.2710805255,2.2183243697,2.3250913273
CATEGORICAL,_AGE_G,5,,3051339,0.7624,0.0113,4537.5615596,<.0001,67.36,<.0001,2.1433572572,2.0963354706,2.1914337645
CATEGORICAL,SEXVAR,1,,3051339,0.2333,0.00755,955.99570798,<.0001,30.92,<.0001,1.2627580357,1.2442204882,1.2815717726
CATEGORICAL,_RACEGR3,1,,3051339,0.7764,0.0160,2364.4368288,<.0001,48.63,<.0001,2.1736066994,2.106637659,2.2427046548
CATEGORICAL,_RACEGR3,2,,3051339,0.6722,0.0186,1304.1779381,<.0001,36.11,<.0001,1.9586205458,1.8884485087,2.0314000752
CATEGORICAL,_RACEGR3,3,,3051339,0.5288,0.0238,491.8078931,<.0001,22.18,<.0001,1.6969120693,1.619428746,1.7781026662
CATEGORICAL,_RACEGR3,4,,3051339,1.0886,0.0258,1780.1165398,<.0001,42.19,<.0001,2.969985887,2.8235313331,3.1240369341
CATEGORICAL,_EDUCAG,1,,3051339,2.0198,0.0146,19181.567672,<.0001,138.50,<.0001,7.5371458802,7.3247498453,7.7557007707
CATEGORICAL,_EDUCAG,2,,3051339,1.5042,0.0105,20628.222362,<.0001,143.63,<.0001,4.5007743209,4.4093246153,4.5941206999
CATEGORICAL,_EDUCAG,3,,3051339,1.1555,0.0105,12024.171921,<.0001,109.65,<.0001,3.1757671645,3.1108457134,3.2420434866
